fixture_id,team_id,start_time,rd,BIP,BOP,half,BIP_bin,BOP_bin,WR_ratio,W:R,WR_bin,BIP_sec,BOP_sec
fix_OkeAIV22,team_UbIB7L,17:06:03,rd1,00:29.0,00:16.0,First Half,16-30,16-30,0.551724138,01:00.6,1:0.5-1,29,16
fix_OkeAIV22,team_UbIB7L,17:06:48,rd1,00:24.0,00:43.0,First Half,16-30,31-45,1.791666667,01:01.8,1:1.5-2,24,43
fix_OkeAIV22,team_UbIB7L,17:07:55,rd1,00:20.0,00:04.0,First Half,16-30,0-15,0.2,01:00.2,1:0-0.5,20,4
fix_OkeAIV22,team_UbIB7L,17:08:19,rd1,00:35.0,01:41.0,First Half,31-45,91-120,2.885714286,01:02.9,1:2.5-3,35,101
fix_OkeAIV22,team_UbIB7L,17:10:35,rd1,00:09.0,00:25.0,First Half,0-15,16-30,2.777777778,01:02.8,1:2.5-3,9,25
fix_OkeAIV22,team_UbIB7L,17:11:09,rd1,00:15.0,00:37.0,First Half,0-15,31-45,2.466666667,01:02.5,1:2-2.5,15,37
fix_OkeAIV22,team_UbIB7L,17:12:01,rd1,00:06.0,00:36.0,First Half,0-15,31-45,6,01:06,1:3+,6,36
fix_OkeAIV22,team_UbIB7L,17:12:43,rd1,01:14.0,00:48.0,First Half,61-90,46-60,0.648648649,01:00.7,1:0.5-1,74,48
fix_OkeAIV22,team_UbIB7L,17:14:45,rd1,00:24.0,00:28.0,First Half,16-30,16-30,1.166666667,01:01.2,1:1-1.5,24,28
fix_OkeAIV22,team_UbIB7L,17:15:37,rd1,00:26.0,00:36.0,First Half,16-30,31-45,1.384615385,01:01.4,1:1-1.5,26,36
fix_OkeAIV22,team_UbIB7L,17:16:39,rd1,00:18.0,00:09.0,First Half,16-30,0-15,0.5,01:00.5,1:0.5-1,18,9
fix_OkeAIV22,team_UbIB7L,17:17:06,rd1,00:12.0,02:05.0,First Half,0-15,121-150,10.41666667,01:10.4,1:3+,12,125
fix_OkeAIV22,team_UbIB7L,17:19:23,rd1,00:16.0,01:33.0,First Half,16-30,91-120,5.8125,01:05.8,1:3+,16,93
fix_OkeAIV22,team_UbIB7L,17:21:12,rd1,00:31.0,00:26.0,First Half,31-45,16-30,0.838709677,01:00.8,1:0.5-1,31,26
fix_OkeAIV22,team_UbIB7L,17:22:09,rd1,00:24.0,00:44.0,First Half,16-30,31-45,1.833333333,01:01.8,1:1.5-2,24,44
fix_OkeAIV22,team_UbIB7L,17:23:17,rd1,00:15.0,00:40.0,First Half,0-15,31-45,2.666666667,01:02.7,1:2.5-3,15,40
fix_OkeAIV22,team_UbIB7L,17:24:12,rd1,00:43.0,01:27.0,First Half,31-45,61-90,2.023255814,01:02.0,1:2-2.5,43,87
fix_OkeAIV22,team_UbIB7L,17:26:22,rd1,00:04.0,00:53.0,First Half,0-15,46-60,13.25,01:13.3,1:3+,4,53
fix_OkeAIV22,team_UbIB7L,17:27:19,rd1,01:58.0,02:07.0,First Half,91-120,121-150,1.076271186,01:01.1,1:1-1.5,118,127
fix_OkeAIV22,team_UbIB7L,17:31:24,rd1,00:23.0,00:51.0,First Half,16-30,46-60,2.217391304,01:02.2,1:2-2.5,23,51
fix_OkeAIV22,team_UbIB7L,17:32:38,rd1,00:21.0,00:44.0,First Half,16-30,31-45,2.095238095,01:02.1,1:2-2.5,21,44
fix_OkeAIV22,team_UbIB7L,17:33:43,rd1,00:31.0,00:47.0,First Half,31-45,46-60,1.516129032,01:01.5,1:1.5-2,31,47
fix_OkeAIV22,team_UbIB7L,17:35:01,rd1,01:04.0,00:45.0,First Half,61-90,31-45,0.703125,01:00.7,1:0.5-1,64,45
fix_OkeAIV22,team_UbIB7L,17:36:50,rd1,01:11.0,00:54.0,First Half,61-90,46-60,0.76056338,01:00.8,1:0.5-1,71,54
fix_OkeAIV22,team_UbIB7L,17:38:55,rd1,00:29.0,00:50.0,First Half,16-30,46-60,1.724137931,01:01.7,1:1.5-2,29,50
fix_OkeAIV22,team_UbIB7L,17:40:14,rd1,00:56.0,01:33.0,First Half,46-60,91-120,1.660714286,01:01.7,1:1.5-2,56,93
fix_OkeAIV22,team_UbIB7L,17:42:43,rd1,00:56.0,01:06.0,First Half,46-60,61-90,1.178571429,01:01.2,1:1-1.5,56,66
fix_OkeAIV22,team_UbIB7L,17:44:45,rd1,01:08.0,00:50.0,First Half,61-90,46-60,0.735294118,01:00.7,1:0.5-1,68,50
fix_OkeAIV22,team_UbIB7L,17:46:43,rd1,00:58.0,00:51.0,First Half,46-60,46-60,0.879310345,01:00.9,1:0.5-1,58,51
fix_OkeAIV22,team_UbIB7L,17:48:32,rd1,01:20.0,NA,First Half,61-90,NA,NA,NA,NA,80,NA
fix_OkeAIV22,team_UbIB7L,18:03:02,rd1,00:15.0,01:09.0,Second Half,0-15,61-90,4.6,01:04.6,1:3+,15,69
fix_OkeAIV22,team_UbIB7L,18:04:26,rd1,00:04.0,00:46.0,Second Half,0-15,46-60,11.5,01:11.5,1:3+,4,46
fix_OkeAIV22,team_UbIB7L,18:05:16,rd1,00:45.0,00:39.0,Second Half,31-45,31-45,0.866666667,01:00.9,1:0.5-1,45,39
fix_OkeAIV22,team_UbIB7L,18:06:40,rd1,00:09.0,00:45.0,Second Half,0-15,31-45,5,01:05,1:3+,9,45
fix_OkeAIV22,team_UbIB7L,18:07:34,rd1,00:26.0,00:51.0,Second Half,16-30,46-60,1.961538462,01:02.0,1:1.5-2,26,51
fix_OkeAIV22,team_UbIB7L,18:08:51,rd1,00:59.0,02:12.0,Second Half,46-60,121-150,2.237288136,01:02.2,1:2-2.5,59,132
fix_OkeAIV22,team_UbIB7L,18:12:02,rd1,00:31.0,00:46.0,Second Half,31-45,46-60,1.483870968,01:01.5,1:1-1.5,31,46
fix_OkeAIV22,team_UbIB7L,18:13:19,rd1,00:35.0,00:03.0,Second Half,31-45,0-15,0.085714286,01:00.1,1:0-0.5,35,3
fix_OkeAIV22,team_UbIB7L,18:13:57,rd1,00:14.0,00:36.0,Second Half,0-15,31-45,2.571428571,01:02.6,1:2.5-3,14,36
fix_OkeAIV22,team_UbIB7L,18:14:47,rd1,00:15.0,01:27.0,Second Half,0-15,61-90,5.8,01:05.8,1:3+,15,87
fix_OkeAIV22,team_UbIB7L,18:16:29,rd1,00:05.0,00:55.0,Second Half,0-15,46-60,11,01:11,1:3+,5,55
fix_OkeAIV22,team_UbIB7L,18:17:29,rd1,00:38.0,01:04.0,Second Half,31-45,61-90,1.684210526,01:01.7,1:1.5-2,38,64
fix_OkeAIV22,team_UbIB7L,18:19:11,rd1,00:09.0,00:58.0,Second Half,0-15,46-60,6.444444444,01:06.4,1:3+,9,58
fix_OkeAIV22,team_UbIB7L,18:20:18,rd1,01:07.0,01:45.0,Second Half,61-90,91-120,1.567164179,01:01.6,1:1.5-2,67,105
fix_OkeAIV22,team_UbIB7L,18:23:10,rd1,00:27.0,00:48.0,Second Half,16-30,46-60,1.777777778,01:01.8,1:1.5-2,27,48
fix_OkeAIV22,team_UbIB7L,18:24:25,rd1,01:45.0,01:47.0,Second Half,91-120,91-120,1.019047619,01:01.0,1:1-1.5,105,107
fix_OkeAIV22,team_UbIB7L,18:27:57,rd1,00:23.0,00:54.0,Second Half,16-30,46-60,2.347826087,01:02.4,1:2-2.5,23,54
fix_OkeAIV22,team_UbIB7L,18:29:14,rd1,00:30.0,01:24.0,Second Half,16-30,61-90,2.8,01:02.8,1:2.5-3,30,84
fix_OkeAIV22,team_UbIB7L,18:31:08,rd1,00:35.0,02:48.0,Second Half,31-45,151-180,4.8,01:04.8,1:3+,35,168
fix_OkeAIV22,team_UbIB7L,18:34:31,rd1,01:25.0,01:00.0,Second Half,61-90,46-60,0.705882353,01:00.7,1:0.5-1,85,60
fix_OkeAIV22,team_UbIB7L,18:36:56,rd1,01:21.0,01:11.0,Second Half,61-90,61-90,0.87654321,01:00.9,1:0.5-1,81,71
fix_OkeAIV22,team_UbIB7L,18:39:28,rd1,00:05.0,01:22.0,Second Half,0-15,61-90,16.4,01:16.4,1:3+,5,82
fix_OkeAIV22,team_UbIB7L,18:40:55,rd1,01:28.0,02:19.0,Second Half,61-90,121-150,1.579545455,01:01.6,1:1.5-2,88,139
fix_OkeAIV22,team_UbIB7L,18:44:42,rd1,00:13.0,01:50.0,Second Half,0-15,91-120,8.461538462,01:08.5,1:3+,13,110
fix_OkeAIV22,team_UbIB7L,18:46:45,rd1,00:09.0,00:34.0,Second Half,0-15,31-45,3.777777778,01:03.8,1:3+,9,34
fix_OkeAIV22,team_UbIB7L,18:47:28,rd1,00:49.0,00:45.0,Second Half,46-60,31-45,0.918367347,01:00.9,1:0.5-1,49,45
fix_OkeAIV22,team_UbIB7L,18:49:02,rd1,00:41.0,NA,Second Half,31-45,NA,NA,NA,NA,41,NA
fix_Dt7kB7Jf,team_GMTRNH,17:05:13,rd2,00:07.0,00:55.0,First Half,0-15,46-60,7.857142857,01:07.9,1:3+,7,55
fix_Dt7kB7Jf,team_GMTRNH,17:06:15,rd2,00:20.0,00:29.0,First Half,16-30,16-30,1.45,01:01.4,1:1-1.5,20,29
fix_Dt7kB7Jf,team_GMTRNH,17:07:04,rd2,00:09.0,00:43.0,First Half,0-15,31-45,4.777777778,01:04.8,1:3+,9,43
fix_Dt7kB7Jf,team_GMTRNH,17:07:56,rd2,00:04.0,00:43.0,First Half,0-15,31-45,10.75,01:10.7,1:3+,4,43
fix_Dt7kB7Jf,team_GMTRNH,17:08:43,rd2,00:42.0,00:33.0,First Half,31-45,31-45,0.785714286,01:00.8,1:0.5-1,42,33
fix_Dt7kB7Jf,team_GMTRNH,17:09:58,rd2,00:46.0,00:43.0,First Half,46-60,31-45,0.934782609,01:00.9,1:0.5-1,46,43
fix_Dt7kB7Jf,team_GMTRNH,17:11:27,rd2,00:37.0,01:35.0,First Half,31-45,91-120,2.567567568,01:02.6,1:2.5-3,37,95
fix_Dt7kB7Jf,team_GMTRNH,17:13:39,rd2,00:51.0,00:44.0,First Half,46-60,31-45,0.862745098,01:00.9,1:0.5-1,51,44
fix_Dt7kB7Jf,team_GMTRNH,17:15:14,rd2,00:12.0,00:02.0,First Half,0-15,0-15,0.166666667,01:00.2,1:0-0.5,12,2
fix_Dt7kB7Jf,team_GMTRNH,17:15:28,rd2,00:31.0,01:49.0,First Half,31-45,91-120,3.516129032,01:03.5,1:3+,31,109
fix_Dt7kB7Jf,team_GMTRNH,17:17:48,rd2,00:10.0,00:46.0,First Half,0-15,46-60,4.6,01:04.6,1:3+,10,46
fix_Dt7kB7Jf,team_GMTRNH,17:18:44,rd2,00:22.0,01:34.0,First Half,16-30,91-120,4.272727273,01:04.3,1:3+,22,94
fix_Dt7kB7Jf,team_GMTRNH,17:20:40,rd2,00:18.0,00:01.0,First Half,16-30,0-15,0.055555556,01:00.1,1:0-0.5,18,1
fix_Dt7kB7Jf,team_GMTRNH,17:20:59,rd2,00:09.0,00:49.0,First Half,0-15,46-60,5.444444444,01:05.4,1:3+,9,49
fix_Dt7kB7Jf,team_GMTRNH,17:21:57,rd2,00:51.0,00:18.0,First Half,46-60,16-30,0.352941176,01:00.3,1:0-0.5,51,18
fix_Dt7kB7Jf,team_GMTRNH,17:23:06,rd2,00:32.0,04:29.0,First Half,31-45,180+,8.40625,01:08.4,1:3+,32,269
fix_Dt7kB7Jf,team_GMTRNH,17:28:07,rd2,00:14.0,00:42.0,First Half,0-15,31-45,3,01:03,1:3+,14,42
fix_Dt7kB7Jf,team_GMTRNH,17:29:03,rd2,00:04.0,00:44.0,First Half,0-15,31-45,11,01:11,1:3+,4,44
fix_Dt7kB7Jf,team_GMTRNH,17:29:51,rd2,00:50.0,00:48.0,First Half,46-60,46-60,0.96,01:01.0,1:0.5-1,50,48
fix_Dt7kB7Jf,team_GMTRNH,17:31:29,rd2,01:42.0,00:55.0,First Half,91-120,46-60,0.539215686,01:00.5,1:0.5-1,102,55
fix_Dt7kB7Jf,team_GMTRNH,17:34:06,rd2,00:15.0,01:46.0,First Half,0-15,91-120,7.066666667,01:07.1,1:3+,15,106
fix_Dt7kB7Jf,team_GMTRNH,17:36:07,rd2,00:19.0,00:34.0,First Half,16-30,31-45,1.789473684,01:01.8,1:1.5-2,19,34
fix_Dt7kB7Jf,team_GMTRNH,17:37:00,rd2,00:09.0,00:52.0,First Half,0-15,46-60,5.777777778,01:05.8,1:3+,9,52
fix_Dt7kB7Jf,team_GMTRNH,17:38:01,rd2,00:16.0,00:48.0,First Half,16-30,46-60,3,01:03,1:3+,16,48
fix_Dt7kB7Jf,team_GMTRNH,17:39:05,rd2,01:04.0,00:54.0,First Half,61-90,46-60,0.84375,01:00.8,1:0.5-1,64,54
fix_Dt7kB7Jf,team_GMTRNH,17:41:03,rd2,00:28.0,01:33.0,First Half,16-30,91-120,3.321428571,01:03.3,1:3+,28,93
fix_Dt7kB7Jf,team_GMTRNH,17:43:04,rd2,00:20.0,01:01.0,First Half,16-30,61-90,3.05,01:03.0,1:3+,20,61
fix_Dt7kB7Jf,team_GMTRNH,17:44:25,rd2,00:08.0,00:35.0,First Half,0-15,31-45,4.375,01:04.4,1:3+,8,35
fix_Dt7kB7Jf,team_GMTRNH,17:45:08,rd2,00:13.0,01:36.0,First Half,0-15,91-120,7.384615385,01:07.4,1:3+,13,96
fix_Dt7kB7Jf,team_GMTRNH,17:46:57,rd2,01:13.0,00:34.0,First Half,61-90,31-45,0.465753425,01:00.5,1:0-0.5,73,34
fix_Dt7kB7Jf,team_GMTRNH,17:48:44,rd2,00:16.0,NA,First Half,16-30,NA,NA,NA,NA,16,NA
fix_Dt7kB7Jf,team_GMTRNH,18:00:28,rd2,00:48.0,00:31.0,Second Half,46-60,31-45,0.645833333,01:00.7,1:0.5-1,48,31
fix_Dt7kB7Jf,team_GMTRNH,18:01:47,rd2,00:08.0,01:00.0,Second Half,0-15,46-60,7.5,01:07.5,1:3+,8,60
fix_Dt7kB7Jf,team_GMTRNH,18:02:55,rd2,00:56.0,02:09.0,Second Half,46-60,121-150,2.303571429,01:02.3,1:2-2.5,56,129
fix_Dt7kB7Jf,team_GMTRNH,18:06:00,rd2,00:18.0,02:01.0,Second Half,16-30,121-150,6.722222222,01:06.7,1:3+,18,121
fix_Dt7kB7Jf,team_GMTRNH,18:08:19,rd2,00:25.0,00:52.0,Second Half,16-30,46-60,2.08,01:02.1,1:2-2.5,25,52
fix_Dt7kB7Jf,team_GMTRNH,18:09:36,rd2,00:16.0,00:58.0,Second Half,16-30,46-60,3.625,01:03.6,1:3+,16,58
fix_Dt7kB7Jf,team_GMTRNH,18:10:50,rd2,00:10.0,01:37.0,Second Half,0-15,91-120,9.7,01:09.7,1:3+,10,97
fix_Dt7kB7Jf,team_GMTRNH,18:12:37,rd2,00:32.0,00:57.0,Second Half,31-45,46-60,1.78125,01:01.8,1:1.5-2,32,57
fix_Dt7kB7Jf,team_GMTRNH,18:14:06,rd2,00:31.0,00:28.0,Second Half,31-45,16-30,0.903225806,01:00.9,1:0.5-1,31,28
fix_Dt7kB7Jf,team_GMTRNH,18:15:05,rd2,01:21.0,00:05.0,Second Half,61-90,0-15,0.061728395,01:00.1,1:0-0.5,81,5
fix_Dt7kB7Jf,team_GMTRNH,18:16:31,rd2,00:12.0,00:53.0,Second Half,0-15,46-60,4.416666667,01:04.4,1:3+,12,53
fix_Dt7kB7Jf,team_GMTRNH,18:17:36,rd2,00:30.0,01:20.0,Second Half,16-30,61-90,2.666666667,01:02.7,1:2.5-3,30,80
fix_Dt7kB7Jf,team_GMTRNH,18:19:26,rd2,00:12.0,01:52.0,Second Half,0-15,91-120,9.333333333,01:09.3,1:3+,12,112
fix_Dt7kB7Jf,team_GMTRNH,18:21:30,rd2,00:11.0,00:59.0,Second Half,0-15,46-60,5.363636364,01:05.4,1:3+,11,59
fix_Dt7kB7Jf,team_GMTRNH,18:22:40,rd2,00:37.0,01:36.0,Second Half,31-45,91-120,2.594594595,01:02.6,1:2.5-3,37,96
fix_Dt7kB7Jf,team_GMTRNH,18:24:53,rd2,00:23.0,00:08.0,Second Half,16-30,0-15,0.347826087,01:00.3,1:0-0.5,23,8
fix_Dt7kB7Jf,team_GMTRNH,18:25:24,rd2,00:34.0,00:46.0,Second Half,31-45,46-60,1.352941176,01:01.4,1:1-1.5,34,46
fix_Dt7kB7Jf,team_GMTRNH,18:26:44,rd2,00:17.0,00:40.0,Second Half,16-30,31-45,2.352941176,01:02.4,1:2-2.5,17,40
fix_Dt7kB7Jf,team_GMTRNH,18:27:41,rd2,00:34.0,00:30.0,Second Half,31-45,16-30,0.882352941,01:00.9,1:0.5-1,34,30
fix_Dt7kB7Jf,team_GMTRNH,18:28:45,rd2,00:53.0,01:38.0,Second Half,46-60,91-120,1.849056604,01:01.8,1:1.5-2,53,98
fix_Dt7kB7Jf,team_GMTRNH,18:31:16,rd2,00:15.0,00:14.0,Second Half,0-15,0-15,0.933333333,01:00.9,1:0.5-1,15,14
fix_Dt7kB7Jf,team_GMTRNH,18:31:45,rd2,00:33.0,00:54.0,Second Half,31-45,46-60,1.636363636,01:01.6,1:1.5-2,33,54
fix_Dt7kB7Jf,team_GMTRNH,18:33:12,rd2,00:11.0,01:55.0,Second Half,0-15,91-120,10.45454545,01:10.5,1:3+,11,115
fix_Dt7kB7Jf,team_GMTRNH,18:35:18,rd2,00:05.0,00:53.0,Second Half,0-15,46-60,10.6,01:10.6,1:3+,5,53
fix_Dt7kB7Jf,team_GMTRNH,18:36:16,rd2,00:15.0,00:26.0,Second Half,0-15,16-30,1.733333333,01:01.7,1:1.5-2,15,26
fix_Dt7kB7Jf,team_GMTRNH,18:36:57,rd2,00:44.0,02:06.0,Second Half,31-45,121-150,2.863636364,01:02.9,1:2.5-3,44,126
fix_Dt7kB7Jf,team_GMTRNH,18:39:47,rd2,00:41.0,00:34.0,Second Half,31-45,31-45,0.829268293,01:00.8,1:0.5-1,41,34
fix_Dt7kB7Jf,team_GMTRNH,18:41:02,rd2,01:25.0,01:00.0,Second Half,61-90,46-60,0.705882353,01:00.7,1:0.5-1,85,60
fix_Dt7kB7Jf,team_GMTRNH,18:43:27,rd2,00:14.0,00:53.0,Second Half,0-15,46-60,3.785714286,01:03.8,1:3+,14,53
fix_Dt7kB7Jf,team_GMTRNH,18:44:34,rd2,00:07.0,NA,Second Half,0-15,NA,NA,NA,NA,7,NA
fix_BiTLkB9M,team_WToSrG,17:05:00,rd3,02:56.0,00:29.0,First Half,151-180,16-30,0.164772727,01:00.2,1:0-0.5,176,29
fix_BiTLkB9M,team_WToSrG,17:08:25,rd3,01:16.0,00:38.0,First Half,61-90,31-45,0.5,01:00.5,1:0.5-1,76,38
fix_BiTLkB9M,team_WToSrG,17:10:19,rd3,00:41.0,02:00.0,First Half,31-45,91-120,2.926829268,01:02.9,1:2.5-3,41,120
fix_BiTLkB9M,team_WToSrG,17:13:00,rd3,00:03.0,00:43.0,First Half,0-15,31-45,14.33333333,01:14.3,1:3+,3,43
fix_BiTLkB9M,team_WToSrG,17:13:46,rd3,00:05.0,00:49.0,First Half,0-15,46-60,9.8,01:09.8,1:3+,5,49
fix_BiTLkB9M,team_WToSrG,17:14:40,rd3,00:15.0,00:48.0,First Half,0-15,46-60,3.2,01:03.2,1:3+,15,48
fix_BiTLkB9M,team_WToSrG,17:15:43,rd3,00:39.0,01:22.0,First Half,31-45,61-90,2.102564103,01:02.1,1:2-2.5,39,82
fix_BiTLkB9M,team_WToSrG,17:17:44,rd3,00:53.0,00:41.0,First Half,46-60,31-45,0.773584906,01:00.8,1:0.5-1,53,41
fix_BiTLkB9M,team_WToSrG,17:19:18,rd3,00:12.0,00:22.0,First Half,0-15,16-30,1.833333333,01:01.8,1:1.5-2,12,22
fix_BiTLkB9M,team_WToSrG,17:19:52,rd3,00:08.0,00:29.0,First Half,0-15,16-30,3.625,01:03.6,1:3+,8,29
fix_BiTLkB9M,team_WToSrG,17:20:29,rd3,00:29.0,00:35.0,First Half,16-30,31-45,1.206896552,01:01.2,1:1-1.5,29,35
fix_BiTLkB9M,team_WToSrG,17:21:33,rd3,00:25.0,00:32.0,First Half,16-30,31-45,1.28,01:01.3,1:1-1.5,25,32
fix_BiTLkB9M,team_WToSrG,17:22:30,rd3,00:41.0,01:31.0,First Half,31-45,91-120,2.219512195,01:02.2,1:2-2.5,41,91
fix_BiTLkB9M,team_WToSrG,17:24:42,rd3,00:09.0,00:21.0,First Half,0-15,16-30,2.333333333,01:02.3,1:2-2.5,9,21
fix_BiTLkB9M,team_WToSrG,17:25:12,rd3,00:12.0,01:16.0,First Half,0-15,61-90,6.333333333,01:06.3,1:3+,12,76
fix_BiTLkB9M,team_WToSrG,17:26:40,rd3,00:26.0,03:03.0,First Half,16-30,180+,7.038461538,01:07.0,1:3+,26,183
fix_BiTLkB9M,team_WToSrG,17:30:09,rd3,00:15.0,00:48.0,First Half,0-15,46-60,3.2,01:03.2,1:3+,15,48
fix_BiTLkB9M,team_WToSrG,17:31:12,rd3,00:13.0,01:11.0,First Half,0-15,61-90,5.461538462,01:05.5,1:3+,13,71
fix_BiTLkB9M,team_WToSrG,17:32:36,rd3,00:22.0,00:45.0,First Half,16-30,31-45,2.045454545,01:02.1,1:2-2.5,22,45
fix_BiTLkB9M,team_WToSrG,17:33:43,rd3,01:39.0,01:31.0,First Half,91-120,91-120,0.919191919,01:00.9,1:0.5-1,99,91
fix_BiTLkB9M,team_WToSrG,17:36:53,rd3,00:10.0,00:30.0,First Half,0-15,16-30,3,01:03,1:3+,10,30
fix_BiTLkB9M,team_WToSrG,17:37:33,rd3,00:10.0,00:41.0,First Half,0-15,31-45,4.1,01:04.1,1:3+,10,41
fix_BiTLkB9M,team_WToSrG,17:38:24,rd3,00:58.0,00:55.0,First Half,46-60,46-60,0.948275862,01:01.0,1:0.5-1,58,55
fix_BiTLkB9M,team_WToSrG,17:40:17,rd3,01:13.0,01:52.0,First Half,61-90,91-120,1.534246575,01:01.5,1:1.5-2,73,112
fix_BiTLkB9M,team_WToSrG,17:43:22,rd3,00:11.0,00:30.0,First Half,0-15,16-30,2.727272727,01:02.7,1:2.5-3,11,30
fix_BiTLkB9M,team_WToSrG,17:44:03,rd3,00:04.0,00:43.0,First Half,0-15,31-45,10.75,01:10.7,1:3+,4,43
fix_BiTLkB9M,team_WToSrG,17:44:50,rd3,00:05.0,00:24.0,First Half,0-15,16-30,4.8,01:04.8,1:3+,5,24
fix_BiTLkB9M,team_WToSrG,17:45:19,rd3,00:32.0,01:36.0,First Half,31-45,91-120,3,01:03,1:3+,32,96
fix_BiTLkB9M,team_WToSrG,17:47:27,rd3,01:31.0,01:01.0,First Half,91-120,61-90,0.67032967,01:00.7,1:0.5-1,91,61
fix_BiTLkB9M,team_WToSrG,17:49:59,rd3,00:20.0,00:12.0,First Half,16-30,0-15,0.6,01:00.6,1:0.5-1,20,12
fix_BiTLkB9M,team_WToSrG,17:50:31,rd3,00:09.0,00:56.0,First Half,0-15,46-60,6.222222222,01:06.2,1:3+,9,56
fix_BiTLkB9M,team_WToSrG,17:51:36,rd3,00:19.0,00:13.0,First Half,16-30,0-15,0.684210526,01:00.7,1:0.5-1,19,13
fix_BiTLkB9M,team_WToSrG,17:52:08,rd3,00:22.0,NA,First Half,16-30,NA,NA,NA,NA,22,NA
fix_BiTLkB9M,team_WToSrG,18:04:25,rd3,00:30.0,00:49.0,Second Half,16-30,46-60,1.633333333,01:01.6,1:1.5-2,30,49
fix_BiTLkB9M,team_WToSrG,18:05:44,rd3,00:17.0,00:29.0,Second Half,16-30,16-30,1.705882353,01:01.7,1:1.5-2,17,29
fix_BiTLkB9M,team_WToSrG,18:06:30,rd3,00:38.0,00:59.0,Second Half,31-45,46-60,1.552631579,01:01.5,1:1.5-2,38,59
fix_BiTLkB9M,team_WToSrG,18:08:07,rd3,00:04.0,00:47.0,Second Half,0-15,46-60,11.75,01:11.8,1:3+,4,47
fix_BiTLkB9M,team_WToSrG,18:08:58,rd3,02:29.0,01:44.0,Second Half,121-150,91-120,0.697986577,01:00.7,1:0.5-1,149,104
fix_BiTLkB9M,team_WToSrG,18:13:11,rd3,01:49.0,00:43.0,Second Half,91-120,31-45,0.394495413,01:00.4,1:0-0.5,109,43
fix_BiTLkB9M,team_WToSrG,18:15:43,rd3,01:56.0,01:05.0,Second Half,91-120,61-90,0.560344828,01:00.6,1:0.5-1,116,65
fix_BiTLkB9M,team_WToSrG,18:18:44,rd3,00:22.0,02:13.0,Second Half,16-30,121-150,6.045454545,01:06.0,1:3+,22,133
fix_BiTLkB9M,team_WToSrG,18:21:19,rd3,00:34.0,00:43.0,Second Half,31-45,31-45,1.264705882,01:01.3,1:1-1.5,34,43
fix_BiTLkB9M,team_WToSrG,18:22:36,rd3,00:23.0,00:47.0,Second Half,16-30,46-60,2.043478261,01:02.0,1:2-2.5,23,47
fix_BiTLkB9M,team_WToSrG,18:23:46,rd3,00:48.0,00:57.0,Second Half,46-60,46-60,1.1875,01:01.2,1:1-1.5,48,57
fix_BiTLkB9M,team_WToSrG,18:25:31,rd3,00:12.0,03:07.0,Second Half,0-15,180+,15.58333333,01:15.6,1:3+,12,187
fix_BiTLkB9M,team_WToSrG,18:28:50,rd3,01:07.0,00:46.0,Second Half,61-90,46-60,0.686567164,01:00.7,1:0.5-1,67,46
fix_BiTLkB9M,team_WToSrG,18:30:43,rd3,00:05.0,00:03.0,Second Half,0-15,0-15,0.6,01:00.6,1:0.5-1,5,3
fix_BiTLkB9M,team_WToSrG,18:30:51,rd3,01:21.0,02:09.0,Second Half,61-90,121-150,1.592592593,01:01.6,1:1.5-2,81,129
fix_BiTLkB9M,team_WToSrG,18:34:21,rd3,00:07.0,00:39.0,Second Half,0-15,31-45,5.571428571,01:05.6,1:3+,7,39
fix_BiTLkB9M,team_WToSrG,18:35:07,rd3,00:32.0,00:47.0,Second Half,31-45,46-60,1.46875,01:01.5,1:1-1.5,32,47
fix_BiTLkB9M,team_WToSrG,18:36:26,rd3,00:08.0,00:30.0,Second Half,0-15,16-30,3.75,01:03.8,1:3+,8,30
fix_BiTLkB9M,team_WToSrG,18:37:04,rd3,00:38.0,00:30.0,Second Half,31-45,16-30,0.789473684,01:00.8,1:0.5-1,38,30
fix_BiTLkB9M,team_WToSrG,18:38:12,rd3,00:50.0,01:45.0,Second Half,46-60,91-120,2.1,01:02.1,1:2-2.5,50,105
fix_BiTLkB9M,team_WToSrG,18:40:47,rd3,02:38.0,01:20.0,Second Half,151-180,61-90,0.506329114,01:00.5,1:0.5-1,158,80
fix_BiTLkB9M,team_WToSrG,18:44:45,rd3,00:08.0,00:17.0,Second Half,0-15,16-30,2.125,01:02.1,1:2-2.5,8,17
fix_BiTLkB9M,team_WToSrG,18:45:10,rd3,00:23.0,00:24.0,Second Half,16-30,16-30,1.043478261,01:01.0,1:1-1.5,23,24
fix_BiTLkB9M,team_WToSrG,18:45:57,rd3,02:29.0,00:28.0,Second Half,121-150,16-30,0.187919463,01:00.2,1:0-0.5,149,28
fix_BiTLkB9M,team_WToSrG,18:48:54,rd3,00:17.0,00:29.0,Second Half,16-30,16-30,1.705882353,01:01.7,1:1.5-2,17,29
fix_BiTLkB9M,team_WToSrG,18:49:40,rd3,00:10.0,00:46.0,Second Half,0-15,46-60,4.6,01:04.6,1:3+,10,46
fix_BiTLkB9M,team_WToSrG,18:50:36,rd3,01:31.0,01:21.0,Second Half,91-120,61-90,0.89010989,01:00.9,1:0.5-1,91,81
fix_BiTLkB9M,team_WToSrG,18:53:28,rd3,00:26.0,NA,Second Half,16-30,NA,NA,NA,NA,26,NA
fix_jnEuDxfG,team_sEVfiR,17:05:04,rd4,02:05.0,00:26.0,First Half,121-150,16-30,0.208,01:00.2,1:0-0.5,125,26
fix_jnEuDxfG,team_sEVfiR,17:07:35,rd4,00:18.0,00:46.0,First Half,16-30,46-60,2.555555556,01:02.6,1:2.5-3,18,46
fix_jnEuDxfG,team_sEVfiR,17:08:39,rd4,00:18.0,00:33.0,First Half,16-30,31-45,1.833333333,01:01.8,1:1.5-2,18,33
fix_jnEuDxfG,team_sEVfiR,17:09:30,rd4,00:23.0,00:43.0,First Half,16-30,31-45,1.869565217,01:01.9,1:1.5-2,23,43
fix_jnEuDxfG,team_sEVfiR,17:10:36,rd4,00:33.0,00:23.0,First Half,31-45,16-30,0.696969697,01:00.7,1:0.5-1,33,23
fix_jnEuDxfG,team_sEVfiR,17:11:32,rd4,00:23.0,00:46.0,First Half,16-30,46-60,2,01:02,1:2-2.5,23,46
fix_jnEuDxfG,team_sEVfiR,17:12:41,rd4,00:11.0,00:28.0,First Half,0-15,16-30,2.545454545,01:02.5,1:2.5-3,11,28
fix_jnEuDxfG,team_sEVfiR,17:13:20,rd4,00:37.0,00:29.0,First Half,31-45,16-30,0.783783784,01:00.8,1:0.5-1,37,29
fix_jnEuDxfG,team_sEVfiR,17:14:26,rd4,00:19.0,00:54.0,First Half,16-30,46-60,2.842105263,01:02.8,1:2.5-3,19,54
fix_jnEuDxfG,team_sEVfiR,17:15:39,rd4,00:27.0,00:32.0,First Half,16-30,31-45,1.185185185,01:01.2,1:1-1.5,27,32
fix_jnEuDxfG,team_sEVfiR,17:16:38,rd4,00:12.0,01:40.0,First Half,0-15,91-120,8.333333333,01:08.3,1:3+,12,100
fix_jnEuDxfG,team_sEVfiR,17:18:30,rd4,00:03.0,00:51.0,First Half,0-15,46-60,17,01:17,1:3+,3,51
fix_jnEuDxfG,team_sEVfiR,17:19:24,rd4,00:13.0,00:51.0,First Half,0-15,46-60,3.923076923,01:03.9,1:3+,13,51
fix_jnEuDxfG,team_sEVfiR,17:20:28,rd4,00:13.0,00:51.0,First Half,0-15,46-60,3.923076923,01:03.9,1:3+,13,51
fix_jnEuDxfG,team_sEVfiR,17:21:32,rd4,00:14.0,00:57.0,First Half,0-15,46-60,4.071428571,01:04.1,1:3+,14,57
fix_jnEuDxfG,team_sEVfiR,17:22:43,rd4,00:16.0,00:50.0,First Half,16-30,46-60,3.125,01:03.1,1:3+,16,50
fix_jnEuDxfG,team_sEVfiR,17:23:49,rd4,00:25.0,00:18.0,First Half,16-30,16-30,0.72,01:00.7,1:0.5-1,25,18
fix_jnEuDxfG,team_sEVfiR,17:24:32,rd4,00:11.0,00:33.0,First Half,0-15,31-45,3,01:03,1:3+,11,33
fix_jnEuDxfG,team_sEVfiR,17:25:16,rd4,00:08.0,02:07.0,First Half,0-15,121-150,15.875,01:15.9,1:3+,8,127
fix_jnEuDxfG,team_sEVfiR,17:27:31,rd4,00:10.0,00:44.0,First Half,0-15,31-45,4.4,01:04.4,1:3+,10,44
fix_jnEuDxfG,team_sEVfiR,17:28:25,rd4,00:54.0,00:32.0,First Half,46-60,31-45,0.592592593,01:00.6,1:0.5-1,54,32
fix_jnEuDxfG,team_sEVfiR,17:29:51,rd4,00:09.0,01:42.0,First Half,0-15,91-120,11.33333333,01:11.3,1:3+,9,102
fix_jnEuDxfG,team_sEVfiR,17:31:42,rd4,00:09.0,00:23.0,First Half,0-15,16-30,2.555555556,01:02.6,1:2.5-3,9,23
fix_jnEuDxfG,team_sEVfiR,17:32:14,rd4,00:17.0,00:45.0,First Half,16-30,31-45,2.647058824,01:02.6,1:2.5-3,17,45
fix_jnEuDxfG,team_sEVfiR,17:33:16,rd4,00:25.0,00:43.0,First Half,16-30,31-45,1.72,01:01.7,1:1.5-2,25,43
fix_jnEuDxfG,team_sEVfiR,17:34:24,rd4,00:49.0,00:51.0,First Half,46-60,46-60,1.040816327,01:01.0,1:1-1.5,49,51
fix_jnEuDxfG,team_sEVfiR,17:36:04,rd4,00:23.0,00:26.0,First Half,16-30,16-30,1.130434783,01:01.1,1:1-1.5,23,26
fix_jnEuDxfG,team_sEVfiR,17:36:53,rd4,00:19.0,00:45.0,First Half,16-30,31-45,2.368421053,01:02.4,1:2-2.5,19,45
fix_jnEuDxfG,team_sEVfiR,17:37:57,rd4,00:12.0,00:48.0,First Half,0-15,46-60,4,01:04,1:3+,12,48
fix_jnEuDxfG,team_sEVfiR,17:38:57,rd4,01:01.0,02:59.0,First Half,61-90,151-180,2.93442623,01:02.9,1:2.5-3,61,179
fix_jnEuDxfG,team_sEVfiR,17:42:57,rd4,00:38.0,00:43.0,First Half,31-45,31-45,1.131578947,01:01.1,1:1-1.5,38,43
fix_jnEuDxfG,team_sEVfiR,17:44:18,rd4,00:20.0,01:26.0,First Half,16-30,61-90,4.3,01:04.3,1:3+,20,86
fix_jnEuDxfG,team_sEVfiR,17:46:04,rd4,00:43.0,00:48.0,First Half,31-45,46-60,1.11627907,01:01.1,1:1-1.5,43,48
fix_jnEuDxfG,team_sEVfiR,17:47:35,rd4,00:57.0,NA,First Half,46-60,NA,NA,NA,NA,57,NA
fix_jnEuDxfG,team_sEVfiR,17:58:50,rd4,01:01.0,00:45.0,Second Half,61-90,31-45,0.737704918,01:00.7,1:0.5-1,61,45
fix_jnEuDxfG,team_sEVfiR,18:00:36,rd4,00:25.0,00:50.0,Second Half,16-30,46-60,2,01:02,1:2-2.5,25,50
fix_jnEuDxfG,team_sEVfiR,18:01:51,rd4,00:57.0,01:36.0,Second Half,46-60,91-120,1.684210526,01:01.7,1:1.5-2,57,96
fix_jnEuDxfG,team_sEVfiR,18:04:24,rd4,01:00.0,01:41.0,Second Half,46-60,91-120,1.683333333,01:01.7,1:1.5-2,60,101
fix_jnEuDxfG,team_sEVfiR,18:07:05,rd4,00:43.0,01:12.0,Second Half,31-45,61-90,1.674418605,01:01.7,1:1.5-2,43,72
fix_jnEuDxfG,team_sEVfiR,18:09:00,rd4,00:45.0,01:44.0,Second Half,31-45,91-120,2.311111111,01:02.3,1:2-2.5,45,104
fix_jnEuDxfG,team_sEVfiR,18:11:29,rd4,01:10.0,01:53.0,Second Half,61-90,91-120,1.614285714,01:01.6,1:1.5-2,70,113
fix_jnEuDxfG,team_sEVfiR,18:14:32,rd4,00:37.0,00:26.0,Second Half,31-45,16-30,0.702702703,01:00.7,1:0.5-1,37,26
fix_jnEuDxfG,team_sEVfiR,18:15:35,rd4,00:25.0,01:40.0,Second Half,16-30,91-120,4,01:04,1:3+,25,100
fix_jnEuDxfG,team_sEVfiR,18:17:40,rd4,00:25.0,00:37.0,Second Half,16-30,31-45,1.48,01:01.5,1:1-1.5,25,37
fix_jnEuDxfG,team_sEVfiR,18:18:42,rd4,00:05.0,00:41.0,Second Half,0-15,31-45,8.2,01:08.2,1:3+,5,41
fix_jnEuDxfG,team_sEVfiR,18:19:28,rd4,00:24.0,00:59.0,Second Half,16-30,46-60,2.458333333,01:02.5,1:2-2.5,24,59
fix_jnEuDxfG,team_sEVfiR,18:20:51,rd4,00:27.0,00:29.0,Second Half,16-30,16-30,1.074074074,01:01.1,1:1-1.5,27,29
fix_jnEuDxfG,team_sEVfiR,18:21:47,rd4,00:06.0,00:53.0,Second Half,0-15,46-60,8.833333333,01:08.8,1:3+,6,53
fix_jnEuDxfG,team_sEVfiR,18:22:46,rd4,01:12.5,00:35.5,Second Half,61-90,31-45,0.490340386,01:00.5,1:0-0.5,72.46666667,35.53333333
fix_jnEuDxfG,team_sEVfiR,18:24:34,rd4,00:23.0,03:15.0,Second Half,16-30,180+,8.47826087,01:08.5,1:3+,23,195
fix_jnEuDxfG,team_sEVfiR,18:28:12,rd4,00:31.0,01:18.0,Second Half,31-45,61-90,2.516129032,01:02.5,1:2.5-3,31,78
fix_jnEuDxfG,team_sEVfiR,18:30:01,rd4,00:06.0,00:45.0,Second Half,0-15,31-45,7.5,01:07.5,1:3+,6,45
fix_jnEuDxfG,team_sEVfiR,18:30:52,rd4,00:17.0,02:21.0,Second Half,16-30,121-150,8.294117647,01:08.3,1:3+,17,141
fix_jnEuDxfG,team_sEVfiR,18:33:30,rd4,00:07.0,00:43.0,Second Half,0-15,31-45,6.142857143,01:06.1,1:3+,7,43
fix_jnEuDxfG,team_sEVfiR,18:34:20,rd4,00:14.0,00:47.0,Second Half,0-15,46-60,3.357142857,01:03.4,1:3+,14,47
fix_jnEuDxfG,team_sEVfiR,18:35:21,rd4,00:05.0,01:46.0,Second Half,0-15,91-120,21.2,01:21.2,1:3+,5,106
fix_jnEuDxfG,team_sEVfiR,18:37:12,rd4,01:01.0,00:50.0,Second Half,61-90,46-60,0.819672131,01:00.8,1:0.5-1,61,50
fix_jnEuDxfG,team_sEVfiR,18:39:03,rd4,00:37.0,01:46.0,Second Half,31-45,91-120,2.864864865,01:02.9,1:2.5-3,37,106
fix_jnEuDxfG,team_sEVfiR,18:41:26,rd4,00:33.0,00:52.0,Second Half,31-45,46-60,1.575757576,01:01.6,1:1.5-2,33,52
fix_jnEuDxfG,team_sEVfiR,18:42:51,rd4,01:05.0,01:55.0,Second Half,61-90,91-120,1.769230769,01:01.8,1:1.5-2,65,115
fix_jnEuDxfG,team_sEVfiR,18:45:51,rd4,00:45.7,NA,Second Half,46-60,NA,NA,NA,NA,45.66666667,NA
fix_bCVDFjyc,team_iBzzBL,14:34:40,rd5,01:13.0,00:45.0,First Half,61-90,31-45,0.616438356,01:00.6,1:0.5-1,73,45
fix_bCVDFjyc,team_iBzzBL,14:36:38,rd5,00:14.0,01:41.0,First Half,0-15,91-120,7.214285714,01:07.2,1:3+,14,101
fix_bCVDFjyc,team_iBzzBL,14:38:33,rd5,00:07.0,01:45.0,First Half,0-15,91-120,15,01:15,1:3+,7,105
fix_bCVDFjyc,team_iBzzBL,14:40:25,rd5,00:49.0,00:45.0,First Half,46-60,31-45,0.918367347,01:00.9,1:0.5-1,49,45
fix_bCVDFjyc,team_iBzzBL,14:41:59,rd5,00:10.0,00:55.0,First Half,0-15,46-60,5.5,01:05.5,1:3+,10,55
fix_bCVDFjyc,team_iBzzBL,14:43:04,rd5,00:05.0,00:45.0,First Half,0-15,31-45,9,01:09,1:3+,5,45
fix_bCVDFjyc,team_iBzzBL,14:43:54,rd5,00:25.0,00:29.0,First Half,16-30,16-30,1.16,01:01.2,1:1-1.5,25,29
fix_bCVDFjyc,team_iBzzBL,14:44:48,rd5,00:09.0,00:39.0,First Half,0-15,31-45,4.333333333,01:04.3,1:3+,9,39
fix_bCVDFjyc,team_iBzzBL,14:45:36,rd5,01:14.0,00:57.0,First Half,61-90,46-60,0.77027027,01:00.8,1:0.5-1,74,57
fix_bCVDFjyc,team_iBzzBL,14:47:47,rd5,00:14.0,01:41.0,First Half,0-15,91-120,7.214285714,01:07.2,1:3+,14,101
fix_bCVDFjyc,team_iBzzBL,14:49:42,rd5,00:08.0,00:27.0,First Half,0-15,16-30,3.375,01:03.4,1:3+,8,27
fix_bCVDFjyc,team_iBzzBL,14:50:17,rd5,00:47.0,01:45.0,First Half,46-60,91-120,2.234042553,01:02.2,1:2-2.5,47,105
fix_bCVDFjyc,team_iBzzBL,14:52:49,rd5,01:17.0,01:45.0,First Half,61-90,91-120,1.363636364,01:01.4,1:1-1.5,77,105
fix_bCVDFjyc,team_iBzzBL,14:55:51,rd5,00:35.0,00:36.0,First Half,31-45,31-45,1.028571429,01:01.0,1:1-1.5,35,36
fix_bCVDFjyc,team_iBzzBL,14:57:02,rd5,01:31.0,01:39.0,First Half,91-120,91-120,1.087912088,01:01.1,1:1-1.5,91,99
fix_bCVDFjyc,team_iBzzBL,15:00:12,rd5,00:09.0,00:31.0,First Half,0-15,31-45,3.444444444,01:03.4,1:3+,9,31
fix_bCVDFjyc,team_iBzzBL,15:00:52,rd5,01:51.0,02:24.0,First Half,91-120,121-150,1.297297297,01:01.3,1:1-1.5,111,144
fix_bCVDFjyc,team_iBzzBL,15:05:07,rd5,00:05.0,00:34.0,First Half,0-15,31-45,6.8,01:06.8,1:3+,5,34
fix_bCVDFjyc,team_iBzzBL,15:05:46,rd5,00:12.0,01:48.0,First Half,0-15,91-120,9,01:09,1:3+,12,108
fix_bCVDFjyc,team_iBzzBL,15:07:46,rd5,00:11.0,00:44.0,First Half,0-15,31-45,4,01:04,1:3+,11,44
fix_bCVDFjyc,team_iBzzBL,15:08:41,rd5,01:05.0,00:35.0,First Half,61-90,31-45,0.538461538,01:00.5,1:0.5-1,65,35
fix_bCVDFjyc,team_iBzzBL,15:10:21,rd5,00:42.0,00:43.0,First Half,31-45,31-45,1.023809524,01:01.0,1:1-1.5,42,43
fix_bCVDFjyc,team_iBzzBL,15:11:46,rd5,00:09.0,00:51.0,First Half,0-15,46-60,5.666666667,01:05.7,1:3+,9,51
fix_bCVDFjyc,team_iBzzBL,15:12:46,rd5,00:23.0,00:34.0,First Half,16-30,31-45,1.47826087,01:01.5,1:1-1.5,23,34
fix_bCVDFjyc,team_iBzzBL,15:13:43,rd5,00:05.0,01:21.0,First Half,0-15,61-90,16.2,01:16.2,1:3+,5,81
fix_bCVDFjyc,team_iBzzBL,15:15:09,rd5,00:24.0,02:18.0,First Half,16-30,121-150,5.75,01:05.7,1:3+,24,138
fix_bCVDFjyc,team_iBzzBL,15:17:51,rd5,00:05.0,NA,First Half,0-15,NA,NA,NA,NA,5,NA
fix_bCVDFjyc,team_iBzzBL,15:28:28,rd5,00:24.0,00:44.0,Second Half,16-30,31-45,1.833333333,01:01.8,1:1.5-2,24,44
fix_bCVDFjyc,team_iBzzBL,15:29:36,rd5,00:27.0,00:30.0,Second Half,16-30,16-30,1.111111111,01:01.1,1:1-1.5,27,30
fix_bCVDFjyc,team_iBzzBL,15:30:33,rd5,00:46.0,00:35.0,Second Half,46-60,31-45,0.760869565,01:00.8,1:0.5-1,46,35
fix_bCVDFjyc,team_iBzzBL,15:31:54,rd5,00:02.0,00:32.0,Second Half,0-15,31-45,16,01:16,1:3+,2,32
fix_bCVDFjyc,team_iBzzBL,15:32:28,rd5,00:57.0,02:21.0,Second Half,46-60,121-150,2.473684211,01:02.5,1:2-2.5,57,141
fix_bCVDFjyc,team_iBzzBL,15:35:46,rd5,00:26.0,00:47.0,Second Half,16-30,46-60,1.807692308,01:01.8,1:1.5-2,26,47
fix_bCVDFjyc,team_iBzzBL,15:36:59,rd5,00:18.0,00:34.0,Second Half,16-30,31-45,1.888888889,01:01.9,1:1.5-2,18,34
fix_bCVDFjyc,team_iBzzBL,15:37:51,rd5,00:11.0,00:44.0,Second Half,0-15,31-45,4,01:04,1:3+,11,44
fix_bCVDFjyc,team_iBzzBL,15:38:46,rd5,00:12.0,01:16.0,Second Half,0-15,61-90,6.333333333,01:06.3,1:3+,12,76
fix_bCVDFjyc,team_iBzzBL,15:40:14,rd5,01:52.0,00:48.0,Second Half,91-120,46-60,0.428571429,01:00.4,1:0-0.5,112,48
fix_bCVDFjyc,team_iBzzBL,15:42:54,rd5,00:17.0,01:49.0,Second Half,16-30,91-120,6.411764706,01:06.4,1:3+,17,109
fix_bCVDFjyc,team_iBzzBL,15:45:00,rd5,00:15.0,01:14.0,Second Half,0-15,61-90,4.933333333,01:04.9,1:3+,15,74
fix_bCVDFjyc,team_iBzzBL,15:46:29,rd5,00:15.0,01:50.0,Second Half,0-15,91-120,7.333333333,01:07.3,1:3+,15,110
fix_bCVDFjyc,team_iBzzBL,15:48:34,rd5,00:07.0,00:39.0,Second Half,0-15,31-45,5.571428571,01:05.6,1:3+,7,39
fix_bCVDFjyc,team_iBzzBL,15:49:20,rd5,00:53.0,01:47.0,Second Half,46-60,91-120,2.018867925,01:02.0,1:2-2.5,53,107
fix_bCVDFjyc,team_iBzzBL,15:52:00,rd5,00:07.0,00:43.0,Second Half,0-15,31-45,6.142857143,01:06.1,1:3+,7,43
fix_bCVDFjyc,team_iBzzBL,15:52:50,rd5,00:05.0,00:48.0,Second Half,0-15,46-60,9.6,01:09.6,1:3+,5,48
fix_bCVDFjyc,team_iBzzBL,15:53:43,rd5,00:23.0,00:45.0,Second Half,16-30,31-45,1.956521739,01:02.0,1:1.5-2,23,45
fix_bCVDFjyc,team_iBzzBL,15:54:51,rd5,00:19.0,01:55.0,Second Half,16-30,91-120,6.052631579,01:06.0,1:3+,19,115
fix_bCVDFjyc,team_iBzzBL,15:57:05,rd5,00:30.0,01:19.0,Second Half,16-30,61-90,2.633333333,01:02.6,1:2.5-3,30,79
fix_bCVDFjyc,team_iBzzBL,15:58:54,rd5,00:08.0,00:56.0,Second Half,0-15,46-60,7,01:07,1:3+,8,56
fix_bCVDFjyc,team_iBzzBL,15:59:58,rd5,00:44.0,01:09.0,Second Half,31-45,61-90,1.568181818,01:01.6,1:1.5-2,44,69
fix_bCVDFjyc,team_iBzzBL,16:01:51,rd5,00:23.0,00:45.0,Second Half,16-30,31-45,1.956521739,01:02.0,1:1.5-2,23,45
fix_bCVDFjyc,team_iBzzBL,16:02:59,rd5,00:05.0,00:54.0,Second Half,0-15,46-60,10.8,01:10.8,1:3+,5,54
fix_bCVDFjyc,team_iBzzBL,16:03:58,rd5,00:22.0,01:38.0,Second Half,16-30,91-120,4.454545455,01:04.4,1:3+,22,98
fix_bCVDFjyc,team_iBzzBL,16:05:58,rd5,00:56.0,01:20.0,Second Half,46-60,61-90,1.428571429,01:01.4,1:1-1.5,56,80
fix_bCVDFjyc,team_iBzzBL,16:08:14,rd5,00:18.0,01:55.0,Second Half,16-30,91-120,6.388888889,01:06.4,1:3+,18,115
fix_bCVDFjyc,team_iBzzBL,16:10:27,rd5,00:05.0,00:53.0,Second Half,0-15,46-60,10.6,01:10.6,1:3+,5,53
fix_bCVDFjyc,team_iBzzBL,16:11:25,rd5,00:05.1,NA,Second Half,0-15,NA,NA,NA,NA,5.142857143,NA
fix_ph9LbRbI,team_UbIB7L,17:45:49,sf,00:22.0,00:37.0,First Half,16-30,31-45,1.681818182,01:01.7,1:1.5-2,22,37
fix_ph9LbRbI,team_UbIB7L,17:46:48,sf,00:28.0,00:42.0,First Half,16-30,31-45,1.5,01:01.5,1:1.5-2,28,42
fix_ph9LbRbI,team_UbIB7L,17:47:58,sf,00:23.0,01:37.0,First Half,16-30,91-120,4.217391304,01:04.2,1:3+,23,97
fix_ph9LbRbI,team_UbIB7L,17:49:58,sf,00:31.0,00:24.0,First Half,31-45,16-30,0.774193548,01:00.8,1:0.5-1,31,24
fix_ph9LbRbI,team_UbIB7L,17:50:53,sf,01:40.0,00:37.0,First Half,91-120,31-45,0.37,01:00.4,1:0-0.5,100,37
fix_ph9LbRbI,team_UbIB7L,17:53:10,sf,00:18.0,00:40.0,First Half,16-30,31-45,2.222222222,01:02.2,1:2-2.5,18,40
fix_ph9LbRbI,team_UbIB7L,17:54:08,sf,00:07.0,01:42.0,First Half,0-15,91-120,14.57142857,01:14.6,1:3+,7,102
fix_ph9LbRbI,team_UbIB7L,17:55:57,sf,01:00.0,00:48.0,First Half,46-60,46-60,0.8,01:00.8,1:0.5-1,60,48
fix_ph9LbRbI,team_UbIB7L,17:57:45,sf,00:34.0,00:39.0,First Half,31-45,31-45,1.147058824,01:01.1,1:1-1.5,34,39
fix_ph9LbRbI,team_UbIB7L,17:58:58,sf,00:42.0,01:45.0,First Half,31-45,91-120,2.5,01:02.5,1:2.5-3,42,105
fix_ph9LbRbI,team_UbIB7L,18:01:25,sf,00:36.0,00:51.0,First Half,31-45,46-60,1.416666667,01:01.4,1:1-1.5,36,51
fix_ph9LbRbI,team_UbIB7L,18:02:52,sf,00:13.0,01:51.0,First Half,0-15,91-120,8.538461538,01:08.5,1:3+,13,111
fix_ph9LbRbI,team_UbIB7L,18:04:56,sf,00:08.0,00:23.0,First Half,0-15,16-30,2.875,01:02.9,1:2.5-3,8,23
fix_ph9LbRbI,team_UbIB7L,18:05:27,sf,00:40.0,00:55.0,First Half,31-45,46-60,1.375,01:01.4,1:1-1.5,40,55
fix_ph9LbRbI,team_UbIB7L,18:07:02,sf,00:29.0,00:51.0,First Half,16-30,46-60,1.75862069,01:01.8,1:1.5-2,29,51
fix_ph9LbRbI,team_UbIB7L,18:08:22,sf,00:21.0,00:27.0,First Half,16-30,16-30,1.285714286,01:01.3,1:1-1.5,21,27
fix_ph9LbRbI,team_UbIB7L,18:09:10,sf,00:51.0,00:46.0,First Half,46-60,46-60,0.901960784,01:00.9,1:0.5-1,51,46
fix_ph9LbRbI,team_UbIB7L,18:10:47,sf,01:17.0,02:05.0,First Half,61-90,121-150,1.623376623,01:01.6,1:1.5-2,77,125
fix_ph9LbRbI,team_UbIB7L,18:14:09,sf,00:38.0,00:54.0,First Half,31-45,46-60,1.421052632,01:01.4,1:1-1.5,38,54
fix_ph9LbRbI,team_UbIB7L,18:15:41,sf,00:43.0,01:43.0,First Half,31-45,91-120,2.395348837,01:02.4,1:2-2.5,43,103
fix_ph9LbRbI,team_UbIB7L,18:18:07,sf,00:52.0,00:43.0,First Half,46-60,31-45,0.826923077,01:00.8,1:0.5-1,52,43
fix_ph9LbRbI,team_UbIB7L,18:19:42,sf,00:32.0,01:13.0,First Half,31-45,61-90,2.28125,01:02.3,1:2-2.5,32,73
fix_ph9LbRbI,team_UbIB7L,18:21:27,sf,00:18.0,00:58.0,First Half,16-30,46-60,3.222222222,01:03.2,1:3+,18,58
fix_ph9LbRbI,team_UbIB7L,18:22:43,sf,01:08.0,00:47.0,First Half,61-90,46-60,0.691176471,01:00.7,1:0.5-1,68,47
fix_ph9LbRbI,team_UbIB7L,18:24:38,sf,00:14.0,00:27.0,First Half,0-15,16-30,1.928571429,01:01.9,1:1.5-2,14,27
fix_ph9LbRbI,team_UbIB7L,18:25:19,sf,00:37.0,NA,First Half,31-45,NA,NA,NA,NA,37,NA
fix_ph9LbRbI,team_UbIB7L,18:36:16,sf,00:06.0,00:23.0,Second Half,0-15,16-30,3.833333333,01:03.8,1:3+,6,23
fix_ph9LbRbI,team_UbIB7L,18:36:45,sf,00:34.0,01:47.0,Second Half,31-45,91-120,3.147058824,01:03.2,1:3+,34,107
fix_ph9LbRbI,team_UbIB7L,18:39:06,sf,01:00.0,00:44.0,Second Half,46-60,31-45,0.733333333,01:00.7,1:0.5-1,60,44
fix_ph9LbRbI,team_UbIB7L,18:40:50,sf,00:57.0,00:44.0,Second Half,46-60,31-45,0.771929825,01:00.8,1:0.5-1,57,44
fix_ph9LbRbI,team_UbIB7L,18:42:31,sf,00:32.0,01:25.0,Second Half,31-45,61-90,2.65625,01:02.7,1:2.5-3,32,85
fix_ph9LbRbI,team_UbIB7L,18:44:28,sf,01:10.0,02:31.0,Second Half,61-90,151-180,2.157142857,01:02.2,1:2-2.5,70,151
fix_ph9LbRbI,team_UbIB7L,18:48:09,sf,01:36.0,00:42.0,Second Half,91-120,31-45,0.4375,01:00.4,1:0-0.5,96,42
fix_ph9LbRbI,team_UbIB7L,18:50:27,sf,00:34.0,00:40.0,Second Half,31-45,31-45,1.176470588,01:01.2,1:1-1.5,34,40
fix_ph9LbRbI,team_UbIB7L,18:51:41,sf,00:15.0,00:58.0,Second Half,0-15,46-60,3.866666667,01:03.9,1:3+,15,58
fix_ph9LbRbI,team_UbIB7L,18:52:54,sf,00:17.0,00:28.0,Second Half,16-30,16-30,1.647058824,01:01.7,1:1.5-2,17,28
fix_ph9LbRbI,team_UbIB7L,18:53:39,sf,01:29.0,01:51.0,Second Half,61-90,91-120,1.247191011,01:01.3,1:1-1.5,89,111
fix_ph9LbRbI,team_UbIB7L,18:56:59,sf,00:33.0,00:53.0,Second Half,31-45,46-60,1.606060606,01:01.6,1:1.5-2,33,53
fix_ph9LbRbI,team_UbIB7L,18:58:25,sf,00:36.0,00:53.0,Second Half,31-45,46-60,1.472222222,01:01.5,1:1-1.5,36,53
fix_ph9LbRbI,team_UbIB7L,18:59:54,sf,00:08.0,00:04.0,Second Half,0-15,0-15,0.5,01:00.5,1:0.5-1,8,4
fix_ph9LbRbI,team_UbIB7L,19:00:06,sf,00:10.0,00:58.0,Second Half,0-15,46-60,5.8,01:05.8,1:3+,10,58
fix_ph9LbRbI,team_UbIB7L,19:01:14,sf,00:24.0,01:57.0,Second Half,16-30,91-120,4.875,01:04.9,1:3+,24,117
fix_ph9LbRbI,team_UbIB7L,19:03:35,sf,00:08.0,00:23.0,Second Half,0-15,16-30,2.875,01:02.9,1:2.5-3,8,23
fix_ph9LbRbI,team_UbIB7L,19:04:06,sf,02:04.0,01:29.0,Second Half,121-150,61-90,0.717741935,01:00.7,1:0.5-1,124,89
fix_ph9LbRbI,team_UbIB7L,19:07:39,sf,02:06.0,01:51.0,Second Half,121-150,91-120,0.880952381,01:00.9,1:0.5-1,126,111
fix_ph9LbRbI,team_UbIB7L,19:11:36,sf,00:04.0,00:45.0,Second Half,0-15,31-45,11.25,01:11.2,1:3+,4,45
fix_ph9LbRbI,team_UbIB7L,19:12:25,sf,01:27.0,00:41.0,Second Half,61-90,31-45,0.471264368,01:00.5,1:0-0.5,87,41
fix_ph9LbRbI,team_UbIB7L,19:14:33,sf,00:04.0,02:11.0,Second Half,0-15,121-150,32.75,01:32.7,1:3+,4,131
fix_ph9LbRbI,team_UbIB7L,19:16:48,sf,00:15.0,01:47.0,Second Half,0-15,91-120,7.133333333,01:07.1,1:3+,15,107
fix_ph9LbRbI,team_UbIB7L,19:18:50,sf,00:36.6,NA,Second Half,31-45,NA,NA,NA,NA,36.6,NA
fix_0c9LdXTf,team_iBzzBL,17:05:14,rd1,00:08.0,00:21.0,First Half,0-15,16-30,2.625,01:02.6,1:2.5-3,8,21
fix_0c9LdXTf,team_iBzzBL,17:05:43,rd1,00:07.0,01:21.0,First Half,0-15,61-90,11.57142857,01:11.6,1:3+,7,81
fix_0c9LdXTf,team_iBzzBL,17:07:11,rd1,00:40.0,01:25.0,First Half,31-45,61-90,2.125,01:02.1,1:2-2.5,40,85
fix_0c9LdXTf,team_iBzzBL,17:09:16,rd1,00:08.0,00:21.0,First Half,0-15,16-30,2.625,01:02.6,1:2.5-3,8,21
fix_0c9LdXTf,team_iBzzBL,17:09:45,rd1,00:19.0,01:30.0,First Half,16-30,61-90,4.736842105,01:04.7,1:3+,19,90
fix_0c9LdXTf,team_iBzzBL,17:11:34,rd1,00:31.0,00:42.0,First Half,31-45,31-45,1.35483871,01:01.4,1:1-1.5,31,42
fix_0c9LdXTf,team_iBzzBL,17:12:47,rd1,00:51.0,01:27.0,First Half,46-60,61-90,1.705882353,01:01.7,1:1.5-2,51,87
fix_0c9LdXTf,team_iBzzBL,17:15:05,rd1,00:32.0,01:28.0,First Half,31-45,61-90,2.75,01:02.8,1:2.5-3,32,88
fix_0c9LdXTf,team_iBzzBL,17:17:05,rd1,00:23.0,00:29.0,First Half,16-30,16-30,1.260869565,01:01.3,1:1-1.5,23,29
fix_0c9LdXTf,team_iBzzBL,17:17:57,rd1,00:24.0,01:24.0,First Half,16-30,61-90,3.5,01:03.5,1:3+,24,84
fix_0c9LdXTf,team_iBzzBL,17:19:45,rd1,01:47.0,02:57.0,First Half,91-120,151-180,1.654205607,01:01.7,1:1.5-2,107,177
fix_0c9LdXTf,team_iBzzBL,17:24:29,rd1,00:07.0,00:21.0,First Half,0-15,16-30,3,01:03,1:3+,7,21
fix_0c9LdXTf,team_iBzzBL,17:24:57,rd1,00:24.0,00:45.0,First Half,16-30,31-45,1.875,01:01.9,1:1.5-2,24,45
fix_0c9LdXTf,team_iBzzBL,17:26:06,rd1,00:11.0,00:33.0,First Half,0-15,31-45,3,01:03,1:3+,11,33
fix_0c9LdXTf,team_iBzzBL,17:26:50,rd1,00:20.0,01:40.0,First Half,16-30,91-120,5,01:05,1:3+,20,100
fix_0c9LdXTf,team_iBzzBL,17:28:50,rd1,00:54.0,00:54.0,First Half,46-60,46-60,1,01:01,1:1-1.5,54,54
fix_0c9LdXTf,team_iBzzBL,17:30:38,rd1,00:14.0,00:47.0,First Half,0-15,46-60,3.357142857,01:03.4,1:3+,14,47
fix_0c9LdXTf,team_iBzzBL,17:31:39,rd1,00:12.0,00:21.0,First Half,0-15,16-30,1.75,01:01.8,1:1.5-2,12,21
fix_0c9LdXTf,team_iBzzBL,17:32:12,rd1,00:25.0,01:59.0,First Half,16-30,91-120,4.76,01:04.8,1:3+,25,119
fix_0c9LdXTf,team_iBzzBL,17:34:36,rd1,02:25.0,00:33.0,First Half,121-150,31-45,0.227586207,01:00.2,1:0-0.5,145,33
fix_0c9LdXTf,team_iBzzBL,17:37:34,rd1,00:06.0,01:19.0,First Half,0-15,61-90,13.16666667,01:13.2,1:3+,6,79
fix_0c9LdXTf,team_iBzzBL,17:38:59,rd1,00:17.0,00:25.0,First Half,16-30,16-30,1.470588235,01:01.5,1:1-1.5,17,25
fix_0c9LdXTf,team_iBzzBL,17:39:41,rd1,00:20.0,01:34.0,First Half,16-30,91-120,4.7,01:04.7,1:3+,20,94
fix_0c9LdXTf,team_iBzzBL,17:41:35,rd1,00:46.0,01:32.0,First Half,46-60,91-120,2,01:02,1:2-2.5,46,92
fix_0c9LdXTf,team_iBzzBL,17:43:53,rd1,00:07.0,00:22.0,First Half,0-15,16-30,3.142857143,01:03.1,1:3+,7,22
fix_0c9LdXTf,team_iBzzBL,17:44:22,rd1,00:24.0,00:01.0,First Half,16-30,0-15,0.041666667,01:00.0,1:0-0.5,24,1
fix_0c9LdXTf,team_iBzzBL,17:44:47,rd1,00:10.0,01:34.0,First Half,0-15,91-120,9.4,01:09.4,1:3+,10,94
fix_0c9LdXTf,team_iBzzBL,17:46:31,rd1,00:58.0,01:06.0,First Half,46-60,61-90,1.137931034,01:01.1,1:1-1.5,58,66
fix_0c9LdXTf,team_iBzzBL,17:48:35,rd1,00:18.0,00:29.0,First Half,16-30,16-30,1.611111111,01:01.6,1:1.5-2,18,29
fix_0c9LdXTf,team_iBzzBL,17:49:22,rd1,00:18.0,01:20.0,First Half,16-30,61-90,4.444444444,01:04.4,1:3+,18,80
fix_0c9LdXTf,team_iBzzBL,17:51:00,rd1,00:53.0,NA,First Half,46-60,NA,NA,NA,NA,53,NA
fix_0c9LdXTf,team_iBzzBL,18:02:01,rd1,00:35.0,00:24.0,Second Half,31-45,16-30,0.685714286,01:00.7,1:0.5-1,35,24
fix_0c9LdXTf,team_iBzzBL,18:03:00,rd1,00:40.0,00:49.0,Second Half,31-45,46-60,1.225,01:01.2,1:1-1.5,40,49
fix_0c9LdXTf,team_iBzzBL,18:04:29,rd1,00:09.0,00:01.0,Second Half,0-15,0-15,0.111111111,01:00.1,1:0-0.5,9,1
fix_0c9LdXTf,team_iBzzBL,18:04:39,rd1,00:15.0,00:30.0,Second Half,0-15,16-30,2,01:02,1:2-2.5,15,30
fix_0c9LdXTf,team_iBzzBL,18:05:24,rd1,00:21.0,00:44.0,Second Half,16-30,31-45,2.095238095,01:02.1,1:2-2.5,21,44
fix_0c9LdXTf,team_iBzzBL,18:06:29,rd1,02:20.0,01:03.0,Second Half,121-150,61-90,0.45,01:00.4,1:0-0.5,140,63
fix_0c9LdXTf,team_iBzzBL,18:09:52,rd1,00:16.0,00:18.0,Second Half,16-30,16-30,1.125,01:01.1,1:1-1.5,16,18
fix_0c9LdXTf,team_iBzzBL,18:10:26,rd1,01:06.0,00:57.0,Second Half,61-90,46-60,0.863636364,01:00.9,1:0.5-1,66,57
fix_0c9LdXTf,team_iBzzBL,18:12:29,rd1,01:17.0,01:31.0,Second Half,61-90,91-120,1.181818182,01:01.2,1:1-1.5,77,91
fix_0c9LdXTf,team_iBzzBL,18:15:17,rd1,00:31.0,01:02.0,Second Half,31-45,61-90,2,01:02,1:2-2.5,31,62
fix_0c9LdXTf,team_iBzzBL,18:16:50,rd1,00:44.0,00:40.0,Second Half,31-45,31-45,0.909090909,01:00.9,1:0.5-1,44,40
fix_0c9LdXTf,team_iBzzBL,18:18:14,rd1,01:33.8,01:50.2,Second Half,91-120,91-120,1.174840085,01:01.2,1:1-1.5,93.8,110.2
fix_0c9LdXTf,team_iBzzBL,18:21:38,rd1,00:34.0,00:52.0,Second Half,31-45,46-60,1.529411765,01:01.5,1:1.5-2,34,52
fix_0c9LdXTf,team_iBzzBL,18:23:04,rd1,00:14.0,00:53.0,Second Half,0-15,46-60,3.785714286,01:03.8,1:3+,14,53
fix_0c9LdXTf,team_iBzzBL,18:24:11,rd1,00:53.0,01:31.0,Second Half,46-60,91-120,1.716981132,01:01.7,1:1.5-2,53,91
fix_0c9LdXTf,team_iBzzBL,18:26:35,rd1,00:09.0,01:47.0,Second Half,0-15,91-120,11.88888889,01:11.9,1:3+,9,107
fix_0c9LdXTf,team_iBzzBL,18:28:31,rd1,00:19.0,00:31.0,Second Half,16-30,31-45,1.631578947,01:01.6,1:1.5-2,19,31
fix_0c9LdXTf,team_iBzzBL,18:29:21,rd1,00:04.0,00:44.0,Second Half,0-15,31-45,11,01:11,1:3+,4,44
fix_0c9LdXTf,team_iBzzBL,18:30:09,rd1,00:31.0,01:05.0,Second Half,31-45,61-90,2.096774194,01:02.1,1:2-2.5,31,65
fix_0c9LdXTf,team_iBzzBL,18:31:45,rd1,00:17.0,02:15.0,Second Half,16-30,121-150,7.941176471,01:07.9,1:3+,17,135
fix_0c9LdXTf,team_iBzzBL,18:34:17,rd1,00:10.0,00:29.0,Second Half,0-15,16-30,2.9,01:02.9,1:2.5-3,10,29
fix_0c9LdXTf,team_iBzzBL,18:34:56,rd1,00:42.0,01:51.0,Second Half,31-45,91-120,2.642857143,01:02.6,1:2.5-3,42,111
fix_0c9LdXTf,team_iBzzBL,18:37:29,rd1,00:26.0,00:40.0,Second Half,16-30,31-45,1.538461538,01:01.5,1:1.5-2,26,40
fix_0c9LdXTf,team_iBzzBL,18:38:35,rd1,01:08.0,01:01.0,Second Half,61-90,61-90,0.897058824,01:00.9,1:0.5-1,68,61
fix_0c9LdXTf,team_iBzzBL,18:40:44,rd1,00:07.0,01:05.0,Second Half,0-15,61-90,9.285714286,01:09.3,1:3+,7,65
fix_0c9LdXTf,team_iBzzBL,18:41:56,rd1,00:44.0,00:31.0,Second Half,31-45,31-45,0.704545455,01:00.7,1:0.5-1,44,31
fix_0c9LdXTf,team_iBzzBL,18:43:11,rd1,00:08.0,00:40.0,Second Half,0-15,31-45,5,01:05,1:3+,8,40
fix_0c9LdXTf,team_iBzzBL,18:43:59,rd1,00:12.0,00:43.0,Second Half,0-15,31-45,3.583333333,01:03.6,1:3+,12,43
fix_0c9LdXTf,team_iBzzBL,18:44:54,rd1,01:43.0,01:14.0,Second Half,91-120,61-90,0.718446602,01:00.7,1:0.5-1,103,74
fix_0c9LdXTf,team_iBzzBL,18:47:51,rd1,00:30.0,01:41.0,Second Half,16-30,91-120,3.366666667,01:03.4,1:3+,30,101
fix_0c9LdXTf,team_iBzzBL,18:50:02,rd1,00:13.0,NA,Second Half,0-15,NA,NA,NA,NA,13,NA
fix_WBSfUTye,team_sEVfiR,14:35:06,rd3,00:52.0,00:52.0,First Half,46-60,46-60,1,01:01,1:1-1.5,52,52
fix_WBSfUTye,team_sEVfiR,14:36:50,rd3,00:30.0,00:43.0,First Half,16-30,31-45,1.433333333,01:01.4,1:1-1.5,30,43
fix_WBSfUTye,team_sEVfiR,14:38:03,rd3,00:12.0,00:26.0,First Half,0-15,16-30,2.166666667,01:02.2,1:2-2.5,12,26
fix_WBSfUTye,team_sEVfiR,14:38:41,rd3,00:05.0,01:24.0,First Half,0-15,61-90,16.8,01:16.8,1:3+,5,84
fix_WBSfUTye,team_sEVfiR,14:40:10,rd3,00:05.0,00:40.0,First Half,0-15,31-45,8,01:08,1:3+,5,40
fix_WBSfUTye,team_sEVfiR,14:40:55,rd3,00:45.0,00:03.0,First Half,31-45,0-15,0.066666667,01:00.1,1:0-0.5,45,3
fix_WBSfUTye,team_sEVfiR,14:41:43,rd3,00:28.0,01:36.0,First Half,16-30,91-120,3.428571429,01:03.4,1:3+,28,96
fix_WBSfUTye,team_sEVfiR,14:43:47,rd3,00:36.0,00:55.0,First Half,31-45,46-60,1.527777778,01:01.5,1:1.5-2,36,55
fix_WBSfUTye,team_sEVfiR,14:45:18,rd3,00:21.0,00:50.0,First Half,16-30,46-60,2.380952381,01:02.4,1:2-2.5,21,50
fix_WBSfUTye,team_sEVfiR,14:46:29,rd3,00:26.0,00:46.0,First Half,16-30,46-60,1.769230769,01:01.8,1:1.5-2,26,46
fix_WBSfUTye,team_sEVfiR,14:47:41,rd3,01:26.0,01:03.0,First Half,61-90,61-90,0.73255814,01:00.7,1:0.5-1,86,63
fix_WBSfUTye,team_sEVfiR,14:50:10,rd3,00:07.0,00:40.0,First Half,0-15,31-45,5.714285714,01:05.7,1:3+,7,40
fix_WBSfUTye,team_sEVfiR,14:50:57,rd3,00:17.0,00:56.0,First Half,16-30,46-60,3.294117647,01:03.3,1:3+,17,56
fix_WBSfUTye,team_sEVfiR,14:52:10,rd3,00:40.0,00:32.0,First Half,31-45,31-45,0.8,01:00.8,1:0.5-1,40,32
fix_WBSfUTye,team_sEVfiR,14:53:22,rd3,00:33.0,02:40.0,First Half,31-45,151-180,4.848484848,01:04.8,1:3+,33,160
fix_WBSfUTye,team_sEVfiR,14:56:35,rd3,00:23.0,00:37.0,First Half,16-30,31-45,1.608695652,01:01.6,1:1.5-2,23,37
fix_WBSfUTye,team_sEVfiR,14:57:35,rd3,00:14.0,00:38.0,First Half,0-15,31-45,2.714285714,01:02.7,1:2.5-3,14,38
fix_WBSfUTye,team_sEVfiR,14:58:27,rd3,00:07.0,00:00.0,First Half,0-15,0-15,0,01:00,1:0-0.5,7,0
fix_WBSfUTye,team_sEVfiR,14:58:34,rd3,00:25.0,01:39.0,First Half,16-30,91-120,3.96,01:04.0,1:3+,25,99
fix_WBSfUTye,team_sEVfiR,15:00:38,rd3,00:53.0,00:04.0,First Half,46-60,0-15,0.075471698,01:00.1,1:0-0.5,53,4
fix_WBSfUTye,team_sEVfiR,15:01:35,rd3,00:13.0,01:42.0,First Half,0-15,91-120,7.846153846,01:07.8,1:3+,13,102
fix_WBSfUTye,team_sEVfiR,15:03:30,rd3,00:05.0,01:08.0,First Half,0-15,61-90,13.6,01:13.6,1:3+,5,68
fix_WBSfUTye,team_sEVfiR,15:04:43,rd3,00:28.0,00:47.0,First Half,16-30,46-60,1.678571429,01:01.7,1:1.5-2,28,47
fix_WBSfUTye,team_sEVfiR,15:05:58,rd3,00:58.0,00:29.0,First Half,46-60,16-30,0.5,01:00.5,1:0.5-1,58,29
fix_WBSfUTye,team_sEVfiR,15:07:25,rd3,00:30.0,00:49.0,First Half,16-30,46-60,1.633333333,01:01.6,1:1.5-2,30,49
fix_WBSfUTye,team_sEVfiR,15:08:44,rd3,00:10.0,00:30.0,First Half,0-15,16-30,3,01:03,1:3+,10,30
fix_WBSfUTye,team_sEVfiR,15:09:24,rd3,00:30.0,00:46.0,First Half,16-30,46-60,1.533333333,01:01.5,1:1.5-2,30,46
fix_WBSfUTye,team_sEVfiR,15:10:40,rd3,01:37.0,01:00.0,First Half,91-120,46-60,0.618556701,01:00.6,1:0.5-1,97,60
fix_WBSfUTye,team_sEVfiR,15:13:17,rd3,00:28.0,00:19.0,First Half,16-30,16-30,0.678571429,01:00.7,1:0.5-1,28,19
fix_WBSfUTye,team_sEVfiR,15:14:04,rd3,00:09.0,00:52.0,First Half,0-15,46-60,5.777777778,01:05.8,1:3+,9,52
fix_WBSfUTye,team_sEVfiR,15:15:05,rd3,00:38.0,00:03.0,First Half,31-45,0-15,0.078947368,01:00.1,1:0-0.5,38,3
fix_WBSfUTye,team_sEVfiR,15:15:46,rd3,00:49.0,00:23.0,First Half,46-60,16-30,0.469387755,01:00.5,1:0-0.5,49,23
fix_WBSfUTye,team_sEVfiR,15:16:58,rd3,00:37.0,NA,First Half,31-45,NA,NA,NA,NA,37,NA
fix_WBSfUTye,team_sEVfiR,15:27:42,rd3,00:34.0,01:44.0,Second Half,31-45,91-120,3.058823529,01:03.1,1:3+,34,104
fix_WBSfUTye,team_sEVfiR,15:30:00,rd3,01:57.0,01:45.0,Second Half,91-120,91-120,0.897435897,01:00.9,1:0.5-1,117,105
fix_WBSfUTye,team_sEVfiR,15:33:42,rd3,03:32.0,01:38.0,Second Half,180+,91-120,0.462264151,01:00.5,1:0-0.5,212,98
fix_WBSfUTye,team_sEVfiR,15:38:52,rd3,00:50.0,01:43.0,Second Half,46-60,91-120,2.06,01:02.1,1:2-2.5,50,103
fix_WBSfUTye,team_sEVfiR,15:41:25,rd3,00:10.0,00:23.0,Second Half,0-15,16-30,2.3,01:02.3,1:2-2.5,10,23
fix_WBSfUTye,team_sEVfiR,15:41:58,rd3,00:41.0,00:55.0,Second Half,31-45,46-60,1.341463415,01:01.3,1:1-1.5,41,55
fix_WBSfUTye,team_sEVfiR,15:43:34,rd3,00:40.0,01:03.0,Second Half,31-45,61-90,1.575,01:01.6,1:1.5-2,40,63
fix_WBSfUTye,team_sEVfiR,15:45:17,rd3,00:08.0,00:53.0,Second Half,0-15,46-60,6.625,01:06.6,1:3+,8,53
fix_WBSfUTye,team_sEVfiR,15:46:18,rd3,00:08.0,00:46.0,Second Half,0-15,46-60,5.75,01:05.7,1:3+,8,46
fix_WBSfUTye,team_sEVfiR,15:47:12,rd3,00:06.0,00:47.0,Second Half,0-15,46-60,7.833333333,01:07.8,1:3+,6,47
fix_WBSfUTye,team_sEVfiR,15:48:05,rd3,00:11.0,02:25.0,Second Half,0-15,121-150,13.18181818,01:13.2,1:3+,11,145
fix_WBSfUTye,team_sEVfiR,15:50:41,rd3,00:47.0,00:23.0,Second Half,46-60,16-30,0.489361702,01:00.5,1:0-0.5,47,23
fix_WBSfUTye,team_sEVfiR,15:51:51,rd3,00:10.0,01:28.0,Second Half,0-15,61-90,8.8,01:08.8,1:3+,10,88
fix_WBSfUTye,team_sEVfiR,15:53:29,rd3,00:54.0,00:56.0,Second Half,46-60,46-60,1.037037037,01:01.0,1:1-1.5,54,56
fix_WBSfUTye,team_sEVfiR,15:55:19,rd3,00:14.0,01:45.0,Second Half,0-15,91-120,7.5,01:07.5,1:3+,14,105
fix_WBSfUTye,team_sEVfiR,15:57:18,rd3,00:29.0,00:50.0,Second Half,16-30,46-60,1.724137931,01:01.7,1:1.5-2,29,50
fix_WBSfUTye,team_sEVfiR,15:58:37,rd3,00:31.0,00:47.0,Second Half,31-45,46-60,1.516129032,01:01.5,1:1.5-2,31,47
fix_WBSfUTye,team_sEVfiR,15:59:55,rd3,00:51.0,02:17.0,Second Half,46-60,121-150,2.68627451,01:02.7,1:2.5-3,51,137
fix_WBSfUTye,team_sEVfiR,16:03:03,rd3,00:10.0,00:24.0,Second Half,0-15,16-30,2.4,01:02.4,1:2-2.5,10,24
fix_WBSfUTye,team_sEVfiR,16:03:37,rd3,00:30.0,00:32.0,Second Half,16-30,31-45,1.066666667,01:01.1,1:1-1.5,30,32
fix_WBSfUTye,team_sEVfiR,16:04:39,rd3,01:48.0,00:36.0,Second Half,91-120,31-45,0.333333333,01:00.3,1:0-0.5,108,36
fix_WBSfUTye,team_sEVfiR,16:07:03,rd3,00:19.0,00:32.0,Second Half,16-30,31-45,1.684210526,01:01.7,1:1.5-2,19,32
fix_WBSfUTye,team_sEVfiR,16:07:54,rd3,00:49.0,01:25.0,Second Half,46-60,61-90,1.734693878,01:01.7,1:1.5-2,49,85
fix_WBSfUTye,team_sEVfiR,16:10:08,rd3,00:08.0,00:53.0,Second Half,0-15,46-60,6.625,01:06.6,1:3+,8,53
fix_WBSfUTye,team_sEVfiR,16:11:09,rd3,00:36.0,00:58.0,Second Half,31-45,46-60,1.611111111,01:01.6,1:1.5-2,36,58
fix_WBSfUTye,team_sEVfiR,16:12:43,rd3,00:04.0,00:55.0,Second Half,0-15,46-60,13.75,01:13.7,1:3+,4,55
fix_WBSfUTye,team_sEVfiR,16:13:42,rd3,00:13.0,00:04.0,Second Half,0-15,0-15,0.307692308,01:00.3,1:0-0.5,13,4
fix_WBSfUTye,team_sEVfiR,16:13:59,rd3,01:08.0,NA,Second Half,61-90,NA,NA,NA,NA,68,NA
fix_qaJKZW6K,team_WToSrG,13:05:22,rd4,00:17.0,00:35.0,First Half,16-30,31-45,2.058823529,01:02.1,1:2-2.5,17,35
fix_qaJKZW6K,team_WToSrG,13:06:14,rd4,01:28.0,00:44.0,First Half,61-90,31-45,0.5,01:00.5,1:0.5-1,88,44
fix_qaJKZW6K,team_WToSrG,13:08:26,rd4,02:11.0,01:39.0,First Half,121-150,91-120,0.755725191,01:00.8,1:0.5-1,131,99
fix_qaJKZW6K,team_WToSrG,13:12:16,rd4,00:09.0,00:21.0,First Half,0-15,16-30,2.333333333,01:02.3,1:2-2.5,9,21
fix_qaJKZW6K,team_WToSrG,13:12:46,rd4,01:29.0,00:47.0,First Half,61-90,46-60,0.528089888,01:00.5,1:0.5-1,89,47
fix_qaJKZW6K,team_WToSrG,13:15:02,rd4,00:05.0,00:47.0,First Half,0-15,46-60,9.4,01:09.4,1:3+,5,47
fix_qaJKZW6K,team_WToSrG,13:15:54,rd4,00:31.0,00:28.0,First Half,31-45,16-30,0.903225806,01:00.9,1:0.5-1,31,28
fix_qaJKZW6K,team_WToSrG,13:16:53,rd4,00:10.0,01:02.0,First Half,0-15,61-90,6.2,01:06.2,1:3+,10,62
fix_qaJKZW6K,team_WToSrG,13:18:05,rd4,00:55.0,00:46.0,First Half,46-60,46-60,0.836363636,01:00.8,1:0.5-1,55,46
fix_qaJKZW6K,team_WToSrG,13:19:46,rd4,00:05.0,01:27.0,First Half,0-15,61-90,17.4,01:17.4,1:3+,5,87
fix_qaJKZW6K,team_WToSrG,13:21:18,rd4,00:58.0,00:45.0,First Half,46-60,31-45,0.775862069,01:00.8,1:0.5-1,58,45
fix_qaJKZW6K,team_WToSrG,13:23:01,rd4,00:05.0,00:17.0,First Half,0-15,16-30,3.4,01:03.4,1:3+,5,17
fix_qaJKZW6K,team_WToSrG,13:23:23,rd4,00:05.0,00:40.0,First Half,0-15,31-45,8,01:08,1:3+,5,40
fix_qaJKZW6K,team_WToSrG,13:24:08,rd4,00:08.0,00:22.0,First Half,0-15,16-30,2.75,01:02.8,1:2.5-3,8,22
fix_qaJKZW6K,team_WToSrG,13:24:38,rd4,00:15.0,00:26.0,First Half,0-15,16-30,1.733333333,01:01.7,1:1.5-2,15,26
fix_qaJKZW6K,team_WToSrG,13:25:19,rd4,00:08.0,01:33.0,First Half,0-15,91-120,11.625,01:11.6,1:3+,8,93
fix_qaJKZW6K,team_WToSrG,13:27:00,rd4,01:47.0,01:39.0,First Half,91-120,91-120,0.925233645,01:00.9,1:0.5-1,107,99
fix_qaJKZW6K,team_WToSrG,13:30:26,rd4,00:18.0,00:01.0,First Half,16-30,0-15,0.055555556,01:00.1,1:0-0.5,18,1
fix_qaJKZW6K,team_WToSrG,13:30:45,rd4,00:37.0,00:47.0,First Half,31-45,46-60,1.27027027,01:01.3,1:1-1.5,37,47
fix_qaJKZW6K,team_WToSrG,13:32:09,rd4,00:26.0,00:49.0,First Half,16-30,46-60,1.884615385,01:01.9,1:1.5-2,26,49
fix_qaJKZW6K,team_WToSrG,13:33:24,rd4,00:18.0,01:26.0,First Half,16-30,61-90,4.777777778,01:04.8,1:3+,18,86
fix_qaJKZW6K,team_WToSrG,13:35:08,rd4,00:08.0,00:23.0,First Half,0-15,16-30,2.875,01:02.9,1:2.5-3,8,23
fix_qaJKZW6K,team_WToSrG,13:35:39,rd4,00:15.0,00:02.0,First Half,0-15,0-15,0.133333333,01:00.1,1:0-0.5,15,2
fix_qaJKZW6K,team_WToSrG,13:35:56,rd4,00:13.0,00:24.0,First Half,0-15,16-30,1.846153846,01:01.8,1:1.5-2,13,24
fix_qaJKZW6K,team_WToSrG,13:36:33,rd4,00:16.0,00:35.0,First Half,16-30,31-45,2.1875,01:02.2,1:2-2.5,16,35
fix_qaJKZW6K,team_WToSrG,13:37:24,rd4,01:05.0,02:03.0,First Half,61-90,121-150,1.892307692,01:01.9,1:1.5-2,65,123
fix_qaJKZW6K,team_WToSrG,13:40:32,rd4,00:28.0,01:48.0,First Half,16-30,91-120,3.857142857,01:03.9,1:3+,28,108
fix_qaJKZW6K,team_WToSrG,13:42:48,rd4,00:08.0,00:27.0,First Half,0-15,16-30,3.375,01:03.4,1:3+,8,27
fix_qaJKZW6K,team_WToSrG,13:43:23,rd4,00:13.0,00:47.0,First Half,0-15,46-60,3.615384615,01:03.6,1:3+,13,47
fix_qaJKZW6K,team_WToSrG,13:44:23,rd4,00:44.0,NA,First Half,31-45,NA,NA,NA,NA,44,NA
fix_qaJKZW6K,team_WToSrG,14:01:16,rd4,00:07.0,00:26.0,Second Half,0-15,16-30,3.714285714,01:03.7,1:3+,7,26
fix_qaJKZW6K,team_WToSrG,14:01:49,rd4,00:39.0,00:46.0,Second Half,31-45,46-60,1.179487179,01:01.2,1:1-1.5,39,46
fix_qaJKZW6K,team_WToSrG,14:03:14,rd4,01:09.0,01:31.0,Second Half,61-90,91-120,1.31884058,01:01.3,1:1-1.5,69,91
fix_qaJKZW6K,team_WToSrG,14:05:54,rd4,00:37.0,00:37.0,Second Half,31-45,31-45,1,01:01,1:1-1.5,37,37
fix_qaJKZW6K,team_WToSrG,14:07:08,rd4,00:16.0,00:51.0,Second Half,16-30,46-60,3.1875,01:03.2,1:3+,16,51
fix_qaJKZW6K,team_WToSrG,14:08:15,rd4,00:09.0,01:12.0,Second Half,0-15,61-90,8,01:08,1:3+,9,72
fix_qaJKZW6K,team_WToSrG,14:09:36,rd4,00:16.0,00:34.0,Second Half,16-30,31-45,2.125,01:02.1,1:2-2.5,16,34
fix_qaJKZW6K,team_WToSrG,14:10:26,rd4,00:35.0,01:33.0,Second Half,31-45,91-120,2.657142857,01:02.7,1:2.5-3,35,93
fix_qaJKZW6K,team_WToSrG,14:12:34,rd4,00:56.8,02:56.2,Second Half,46-60,151-180,3.102112676,01:03.1,1:3+,56.8,176.2
fix_qaJKZW6K,team_WToSrG,14:16:27,rd4,00:32.0,01:42.0,Second Half,31-45,91-120,3.1875,01:03.2,1:3+,32,102
fix_qaJKZW6K,team_WToSrG,14:18:41,rd4,00:23.0,00:48.0,Second Half,16-30,46-60,2.086956522,01:02.1,1:2-2.5,23,48
fix_qaJKZW6K,team_WToSrG,14:19:52,rd4,00:04.0,01:16.0,Second Half,0-15,61-90,19,01:19,1:3+,4,76
fix_qaJKZW6K,team_WToSrG,14:21:12,rd4,00:11.0,00:54.0,Second Half,0-15,46-60,4.909090909,01:04.9,1:3+,11,54
fix_qaJKZW6K,team_WToSrG,14:22:17,rd4,00:43.0,02:06.0,Second Half,31-45,121-150,2.930232558,01:02.9,1:2.5-3,43,126
fix_qaJKZW6K,team_WToSrG,14:25:06,rd4,00:07.0,00:26.0,Second Half,0-15,16-30,3.714285714,01:03.7,1:3+,7,26
fix_qaJKZW6K,team_WToSrG,14:25:39,rd4,00:25.0,01:33.0,Second Half,16-30,91-120,3.72,01:03.7,1:3+,25,93
fix_qaJKZW6K,team_WToSrG,14:27:37,rd4,00:10.0,00:25.0,Second Half,0-15,16-30,2.5,01:02.5,1:2.5-3,10,25
fix_qaJKZW6K,team_WToSrG,14:28:12,rd4,00:08.0,00:48.0,Second Half,0-15,46-60,6,01:06,1:3+,8,48
fix_qaJKZW6K,team_WToSrG,14:29:08,rd4,00:08.0,00:33.0,Second Half,0-15,31-45,4.125,01:04.1,1:3+,8,33
fix_qaJKZW6K,team_WToSrG,14:29:49,rd4,00:35.0,00:59.0,Second Half,31-45,46-60,1.685714286,01:01.7,1:1.5-2,35,59
fix_qaJKZW6K,team_WToSrG,14:31:23,rd4,00:18.0,00:48.0,Second Half,16-30,46-60,2.666666667,01:02.7,1:2.5-3,18,48
fix_qaJKZW6K,team_WToSrG,14:32:29,rd4,00:07.0,00:22.0,Second Half,0-15,16-30,3.142857143,01:03.1,1:3+,7,22
fix_qaJKZW6K,team_WToSrG,14:32:58,rd4,00:13.0,00:42.0,Second Half,0-15,31-45,3.230769231,01:03.2,1:3+,13,42
fix_qaJKZW6K,team_WToSrG,14:33:53,rd4,00:11.0,02:12.0,Second Half,0-15,121-150,12,01:12,1:3+,11,132
fix_qaJKZW6K,team_WToSrG,14:36:16,rd4,00:16.0,00:06.0,Second Half,16-30,0-15,0.375,01:00.4,1:0-0.5,16,6
fix_qaJKZW6K,team_WToSrG,14:36:38,rd4,00:03.0,00:53.0,Second Half,0-15,46-60,17.66666667,01:17.7,1:3+,3,53
fix_qaJKZW6K,team_WToSrG,14:37:34,rd4,00:12.0,02:15.0,Second Half,0-15,121-150,11.25,01:11.2,1:3+,12,135
fix_qaJKZW6K,team_WToSrG,14:40:01,rd4,00:20.0,01:02.0,Second Half,16-30,61-90,3.1,01:03.1,1:3+,20,62
fix_qaJKZW6K,team_WToSrG,14:41:23,rd4,00:50.0,00:02.0,Second Half,46-60,0-15,0.04,01:00.0,1:0-0.5,50,2
fix_qaJKZW6K,team_WToSrG,14:42:15,rd4,00:14.0,00:02.0,Second Half,0-15,0-15,0.142857143,01:00.1,1:0-0.5,14,2
fix_qaJKZW6K,team_WToSrG,14:42:31,rd4,00:03.0,01:38.0,Second Half,0-15,91-120,32.66666667,01:32.7,1:3+,3,98
fix_qaJKZW6K,team_WToSrG,14:44:12,rd4,01:44.0,01:44.0,Second Half,91-120,91-120,1,01:01,1:1-1.5,104,104
fix_qaJKZW6K,team_WToSrG,14:47:40,rd4,00:54.1,00:48.9,Second Half,46-60,46-60,0.90270936,01:00.9,1:0.5-1,54.13333333,48.86666667
fix_qaJKZW6K,team_WToSrG,14:49:23,rd4,00:09.0,00:45.0,Second Half,0-15,31-45,5,01:05,1:3+,9,45
fix_qaJKZW6K,team_WToSrG,14:50:17,rd4,00:46.0,NA,Second Half,46-60,NA,NA,NA,NA,46,NA
fix_O6blADFE,team_UbIB7L,17:05:21,rd5,00:41.0,00:45.0,First Half,31-45,31-45,1.097560976,01:01.1,1:1-1.5,41,45
fix_O6blADFE,team_UbIB7L,17:06:47,rd5,00:43.0,00:52.0,First Half,31-45,46-60,1.209302326,01:01.2,1:1-1.5,43,52
fix_O6blADFE,team_UbIB7L,17:08:22,rd5,00:07.0,00:40.0,First Half,0-15,31-45,5.714285714,01:05.7,1:3+,7,40
fix_O6blADFE,team_UbIB7L,17:09:09,rd5,00:15.0,00:23.0,First Half,0-15,16-30,1.533333333,01:01.5,1:1.5-2,15,23
fix_O6blADFE,team_UbIB7L,17:09:47,rd5,01:10.0,00:01.0,First Half,61-90,0-15,0.014285714,01:00.0,1:0-0.5,70,1
fix_O6blADFE,team_UbIB7L,17:10:58,rd5,00:25.0,00:26.0,First Half,16-30,16-30,1.04,01:01.0,1:1-1.5,25,26
fix_O6blADFE,team_UbIB7L,17:11:49,rd5,00:43.0,01:38.0,First Half,31-45,91-120,2.279069767,01:02.3,1:2-2.5,43,98
fix_O6blADFE,team_UbIB7L,17:14:10,rd5,00:24.0,00:41.0,First Half,16-30,31-45,1.708333333,01:01.7,1:1.5-2,24,41
fix_O6blADFE,team_UbIB7L,17:15:15,rd5,00:42.0,00:02.0,First Half,31-45,0-15,0.047619048,01:00.0,1:0-0.5,42,2
fix_O6blADFE,team_UbIB7L,17:15:59,rd5,00:05.0,01:26.0,First Half,0-15,61-90,17.2,01:17.2,1:3+,5,86
fix_O6blADFE,team_UbIB7L,17:17:30,rd5,00:24.0,00:50.0,First Half,16-30,46-60,2.083333333,01:02.1,1:2-2.5,24,50
fix_O6blADFE,team_UbIB7L,17:18:44,rd5,00:17.0,00:46.0,First Half,16-30,46-60,2.705882353,01:02.7,1:2.5-3,17,46
fix_O6blADFE,team_UbIB7L,17:19:47,rd5,00:06.0,00:42.0,First Half,0-15,31-45,7,01:07,1:3+,6,42
fix_O6blADFE,team_UbIB7L,17:20:35,rd5,00:07.0,00:40.0,First Half,0-15,31-45,5.714285714,01:05.7,1:3+,7,40
fix_O6blADFE,team_UbIB7L,17:21:22,rd5,00:54.0,00:41.0,First Half,46-60,31-45,0.759259259,01:00.8,1:0.5-1,54,41
fix_O6blADFE,team_UbIB7L,17:22:57,rd5,01:26.0,01:39.0,First Half,61-90,91-120,1.151162791,01:01.1,1:1-1.5,86,99
fix_O6blADFE,team_UbIB7L,17:26:02,rd5,02:31.0,03:09.0,First Half,151-180,180+,1.251655629,01:01.3,1:1-1.5,151,189
fix_O6blADFE,team_UbIB7L,17:31:42,rd5,00:05.0,00:44.0,First Half,0-15,31-45,8.8,01:08.8,1:3+,5,44
fix_O6blADFE,team_UbIB7L,17:32:31,rd5,00:25.0,01:24.0,First Half,16-30,61-90,3.36,01:03.4,1:3+,25,84
fix_O6blADFE,team_UbIB7L,17:34:20,rd5,00:10.0,00:22.0,First Half,0-15,16-30,2.2,01:02.2,1:2-2.5,10,22
fix_O6blADFE,team_UbIB7L,17:34:52,rd5,00:20.0,00:38.0,First Half,16-30,31-45,1.9,01:01.9,1:1.5-2,20,38
fix_O6blADFE,team_UbIB7L,17:35:50,rd5,00:07.0,01:26.0,First Half,0-15,61-90,12.28571429,01:12.3,1:3+,7,86
fix_O6blADFE,team_UbIB7L,17:37:23,rd5,00:48.0,01:26.0,First Half,46-60,61-90,1.791666667,01:01.8,1:1.5-2,48,86
fix_O6blADFE,team_UbIB7L,17:39:37,rd5,00:05.0,01:24.0,First Half,0-15,61-90,16.8,01:16.8,1:3+,5,84
fix_O6blADFE,team_UbIB7L,17:41:06,rd5,00:47.0,00:35.0,First Half,46-60,31-45,0.744680851,01:00.7,1:0.5-1,47,35
fix_O6blADFE,team_UbIB7L,17:42:28,rd5,00:20.0,01:28.0,First Half,16-30,61-90,4.4,01:04.4,1:3+,20,88
fix_O6blADFE,team_UbIB7L,17:44:16,rd5,00:10.0,00:47.0,First Half,0-15,46-60,4.7,01:04.7,1:3+,10,47
fix_O6blADFE,team_UbIB7L,17:45:13,rd5,00:38.0,00:31.0,First Half,31-45,31-45,0.815789474,01:00.8,1:0.5-1,38,31
fix_O6blADFE,team_UbIB7L,17:46:22,rd5,01:44.0,00:38.0,First Half,91-120,31-45,0.365384615,01:00.4,1:0-0.5,104,38
fix_O6blADFE,team_UbIB7L,17:48:44,rd5,00:13.0,NA,First Half,0-15,NA,NA,NA,NA,13,NA
fix_O6blADFE,team_UbIB7L,18:00:54,rd5,00:17.0,00:35.0,Second Half,16-30,31-45,2.058823529,01:02.1,1:2-2.5,17,35
fix_O6blADFE,team_UbIB7L,18:01:46,rd5,01:23.0,01:46.0,Second Half,61-90,91-120,1.277108434,01:01.3,1:1-1.5,83,106
fix_O6blADFE,team_UbIB7L,18:04:55,rd5,00:47.0,00:32.0,Second Half,46-60,31-45,0.680851064,01:00.7,1:0.5-1,47,32
fix_O6blADFE,team_UbIB7L,18:06:14,rd5,00:31.0,00:21.0,Second Half,31-45,16-30,0.677419355,01:00.7,1:0.5-1,31,21
fix_O6blADFE,team_UbIB7L,18:07:06,rd5,00:20.0,00:26.0,Second Half,16-30,16-30,1.3,01:01.3,1:1-1.5,20,26
fix_O6blADFE,team_UbIB7L,18:07:52,rd5,00:06.0,01:22.0,Second Half,0-15,61-90,13.66666667,01:13.7,1:3+,6,82
fix_O6blADFE,team_UbIB7L,18:09:20,rd5,00:18.0,00:54.0,Second Half,16-30,46-60,3,01:03,1:3+,18,54
fix_O6blADFE,team_UbIB7L,18:10:32,rd5,00:40.0,01:34.0,Second Half,31-45,91-120,2.35,01:02.4,1:2-2.5,40,94
fix_O6blADFE,team_UbIB7L,18:12:46,rd5,00:11.0,00:50.0,Second Half,0-15,46-60,4.545454545,01:04.6,1:3+,11,50
fix_O6blADFE,team_UbIB7L,18:13:47,rd5,00:57.0,00:58.0,Second Half,46-60,46-60,1.01754386,01:01.0,1:1-1.5,57,58
fix_O6blADFE,team_UbIB7L,18:15:42,rd5,02:09.0,00:21.0,Second Half,121-150,16-30,0.162790698,01:00.2,1:0-0.5,129,21
fix_O6blADFE,team_UbIB7L,18:18:12,rd5,00:35.0,00:46.0,Second Half,31-45,46-60,1.314285714,01:01.3,1:1-1.5,35,46
fix_O6blADFE,team_UbIB7L,18:19:33,rd5,00:22.0,00:38.0,Second Half,16-30,31-45,1.727272727,01:01.7,1:1.5-2,22,38
fix_O6blADFE,team_UbIB7L,18:20:33,rd5,00:06.0,00:45.0,Second Half,0-15,31-45,7.5,01:07.5,1:3+,6,45
fix_O6blADFE,team_UbIB7L,18:21:24,rd5,00:38.0,01:31.0,Second Half,31-45,91-120,2.394736842,01:02.4,1:2-2.5,38,91
fix_O6blADFE,team_UbIB7L,18:23:33,rd5,00:59.0,01:11.0,Second Half,46-60,61-90,1.203389831,01:01.2,1:1-1.5,59,71
fix_O6blADFE,team_UbIB7L,18:25:43,rd5,00:14.0,01:10.0,Second Half,0-15,61-90,5,01:05,1:3+,14,70
fix_O6blADFE,team_UbIB7L,18:27:07,rd5,00:14.0,00:25.0,Second Half,0-15,16-30,1.785714286,01:01.8,1:1.5-2,14,25
fix_O6blADFE,team_UbIB7L,18:27:46,rd5,00:52.0,00:01.0,Second Half,46-60,0-15,0.019230769,01:00.0,1:0-0.5,52,1
fix_O6blADFE,team_UbIB7L,18:28:39,rd5,00:13.0,01:42.0,Second Half,0-15,91-120,7.846153846,01:07.8,1:3+,13,102
fix_O6blADFE,team_UbIB7L,18:30:34,rd5,00:07.0,00:19.0,Second Half,0-15,16-30,2.714285714,01:02.7,1:2.5-3,7,19
fix_O6blADFE,team_UbIB7L,18:31:00,rd5,00:10.0,00:53.0,Second Half,0-15,46-60,5.3,01:05.3,1:3+,10,53
fix_O6blADFE,team_UbIB7L,18:32:03,rd5,02:04.0,00:47.0,Second Half,121-150,46-60,0.379032258,01:00.4,1:0-0.5,124,47
fix_O6blADFE,team_UbIB7L,18:34:54,rd5,00:48.0,01:03.0,Second Half,46-60,61-90,1.3125,01:01.3,1:1-1.5,48,63
fix_O6blADFE,team_UbIB7L,18:36:45,rd5,00:12.0,01:28.0,Second Half,0-15,61-90,7.333333333,01:07.3,1:3+,12,88
fix_O6blADFE,team_UbIB7L,18:38:25,rd5,01:09.0,00:13.0,Second Half,61-90,0-15,0.188405797,01:00.2,1:0-0.5,69,13
fix_O6blADFE,team_UbIB7L,18:39:47,rd5,00:18.0,00:51.0,Second Half,16-30,46-60,2.833333333,01:02.8,1:2.5-3,18,51
fix_O6blADFE,team_UbIB7L,18:40:56,rd5,01:20.0,NA,Second Half,61-90,NA,NA,NA,NA,80,NA